fecha,dia_semana,mes,feriado,evento,clima,descripcion,factor_demanda,factor_pandemia
2021-01-01,Friday,1,1,Año Nuevo,Lluvioso,,1.279283872075879,0.8241831035534954
2021-01-02,Saturday,1,0,,Soleado,,1.2151592124354826,0.7091484067625026
2021-01-03,Sunday,1,0,,Soleado,,1.1978256029456147,0.8743073612304753
2021-01-04,Monday,1,0,,Lluvioso,,0.8940416776398192,0.8946977938354794
2021-01-05,Tuesday,1,0,,Nublado,,1.0,0.8937755710571383
2021-01-06,Wednesday,1,0,,Soleado,,1.0,0.849930366348585
2021-01-07,Thursday,1,0,,Soleado,,1.0,0.7260172480261263
2021-01-08,Friday,1,0,,Soleado,,1.0,0.8516526391858046
2021-01-09,Saturday,1,0,,Lluvioso,,1.009406611718085,0.7049173832917602
2021-01-10,Sunday,1,0,,Soleado,,1.2326028989507416,0.7044247103057995
2021-01-11,Monday,1,0,,Lluvioso,,0.9341003510568888,0.7647220438299083
2021-01-12,Tuesday,1,0,,Lluvioso,,0.9437265320016441,0.7977286380809332
2021-01-13,Wednesday,1,0,,Lluvioso,,0.8818526044866222,0.8540814835615587
2021-01-14,Thursday,1,0,,Soleado,,1.0,0.836659075321301
2021-01-15,Friday,1,0,,Lluvioso,,0.9672918866945794,0.7891805412753496
2021-01-16,Saturday,1,0,,Nublado,,1.2282175433040547,0.7547253332563332
2021-01-17,Sunday,1,0,,Soleado,,1.147604084388176,0.8994249000315422
2021-01-18,Monday,1,0,,Soleado,,1.0,0.7852362604471945
2021-01-19,Tuesday,1,0,,Soleado,,1.0,0.7902774048659351
2021-01-20,Wednesday,1,0,,Soleado,,1.0,0.7327247642383338
2021-01-21,Thursday,1,0,,Soleado,,1.0,0.8589619097499859
2021-01-22,Friday,1,0,,Lluvioso,,0.896364247048639,0.8387364451562977
2021-01-23,Saturday,1,0,,Lluvioso,,1.0379019469910808,0.744153922557752
2021-01-24,Sunday,1,0,,Soleado,,1.188218336112191,0.7164762091231685
2021-01-25,Monday,1,0,,Lluvioso,,0.9188750516777904,0.8360998604149426
2021-01-26,Tuesday,1,0,,Soleado,,1.0,0.830902242856227
2021-01-27,Wednesday,1,0,,Lluvioso,,0.9062106226178238,0.7546519053996419
2021-01-28,Thursday,1,0,,Lluvioso,,0.9350667605250141,0.8901727124500821
2021-01-29,Friday,1,0,,Lluvioso,,0.8925544474586837,0.73021157835618
2021-01-30,Saturday,1,0,,Lluvioso,,1.0572028802241984,0.7864669602085204
2021-01-31,Sunday,1,0,,Nublado,,1.1792890979482147,0.8887231840335198
2021-02-01,Monday,2,0,,Soleado,,1.0,0.7839454633852244
2021-02-02,Tuesday,2,0,,Nublado,,1.0,0.8277051895328171
2021-02-03,Wednesday,2,0,,Lluvioso,,0.9506658365253712,0.7795188795925588
2021-02-04,Thursday,2,0,,Nublado,,1.0,0.7548430404697339
2021-02-05,Friday,2,0,,Soleado,,1.0,0.8967955295919656
2021-02-06,Saturday,2,0,,Soleado,,1.1459575916805869,0.7818668012630086
2021-02-07,Sunday,2,0,,Lluvioso,,1.1077080959813947,0.8788198407358269
2021-02-08,Monday,2,0,,Nublado,,1.0,0.7459909211782172
2021-02-09,Tuesday,2,0,,Nublado,,1.0,0.7426209408050166
2021-02-10,Wednesday,2,0,,Nublado,,1.0,0.7062268165769022
2021-02-11,Thursday,2,0,,Soleado,,1.0,0.830333365075177
2021-02-12,Friday,2,0,,Soleado,,1.0,0.7737052687447522
2021-02-13,Saturday,2,0,,Nublado,,1.1260385536535997,0.8728716499679274
2021-02-14,Sunday,2,0,,Soleado,,1.198980830747187,0.7946419813383114
2021-02-15,Monday,2,0,,Soleado,,1.0,0.8936386855829443
2021-02-16,Tuesday,2,0,,Nublado,,1.0,0.7371051031406242
2021-02-17,Wednesday,2,0,,Soleado,,1.0,0.8737246335911222
2021-02-18,Thursday,2,0,,Nublado,,1.0,0.8553193705583484
2021-02-19,Friday,2,0,,Nublado,,1.0,0.8541843689288104
2021-02-20,Saturday,2,0,,Lluvioso,,1.0117949468536354,0.8689566456233775
2021-02-21,Sunday,2,0,,Nublado,,1.2433551198429333,0.8522047981885998
2021-02-22,Monday,2,0,,Soleado,,1.0,0.8252440643262831
2021-02-23,Tuesday,2,0,,Lluvioso,,0.9669068829767103,0.7262489755364775
2021-02-24,Wednesday,2,0,,Nublado,,1.0,0.7065052358982503
2021-02-25,Thursday,2,0,,Lluvioso,,0.9527557613304815,0.8841695695631374
2021-02-26,Friday,2,0,,Soleado,,1.0,0.8233300629041476
2021-02-27,Saturday,2,0,,Nublado,,1.1595997899925383,0.8593074581952352
2021-02-28,Sunday,2,0,,Soleado,,1.13269737482083,0.79630447030251
2021-03-01,Monday,3,0,,Lluvioso,,0.9415809723860941,0.7234616377924789
2021-03-02,Tuesday,3,0,,Nublado,,1.0,0.7250371584405101
2021-03-03,Wednesday,3,0,,Lluvioso,,0.9196137244365641,0.8371130574457943
2021-03-04,Thursday,3,0,,Lluvioso,,0.8909834411360301,0.7860611789798926
2021-03-05,Friday,3,0,,Nublado,,1.0,0.7401049453400673
2021-03-06,Saturday,3,0,,Lluvioso,,1.0459138337442042,0.7983189093482874
2021-03-07,Sunday,3,0,,Soleado,,1.2382116522702418,0.7128417874150268
2021-03-08,Monday,3,0,,Lluvioso,,0.9032901983440015,0.8163942803828798
2021-03-09,Tuesday,3,0,,Soleado,,1.0,0.7537986808870195
2021-03-10,Wednesday,3,0,,Soleado,,1.0,0.8595118201274377
2021-03-11,Thursday,3,0,,Lluvioso,,0.9396270055918584,0.7620723917847148
2021-03-12,Friday,3,0,,Soleado,,1.0,0.7910440298163602
2021-03-13,Saturday,3,0,,Nublado,,1.1605224398916234,0.70232410798162
2021-03-14,Sunday,3,0,,Soleado,,1.1876088427531155,0.7144893775589117
2021-03-15,Monday,3,0,,Soleado,,1.0,0.778498711281337
2021-03-16,Tuesday,3,0,,Soleado,,1.0,0.7959877669434247
2021-03-17,Wednesday,3,0,,Nublado,,1.0,0.8200041096238607
2021-03-18,Thursday,3,0,,Nublado,,1.0,0.7583325157418607
2021-03-19,Friday,3,0,,Nublado,,1.0,0.8389963772253085
2021-03-20,Saturday,3,0,,Lluvioso,,1.0679594084967574,0.8720244794378409
2021-03-21,Sunday,3,0,,Nublado,,1.2460460016093926,0.85597019777867
2021-03-22,Monday,3,0,,Soleado,,1.0,0.7079237650696714
2021-03-23,Tuesday,3,0,,Nublado,,1.0,0.7961013894515658
2021-03-24,Wednesday,3,0,,Nublado,,1.0,0.720986035683635
2021-03-25,Thursday,3,0,,Soleado,,1.0,0.7484090031725055
2021-03-26,Friday,3,0,,Lluvioso,,0.9497619541025003,0.8973325186534293
2021-03-27,Saturday,3,0,,Nublado,,1.2421348624033446,0.7284991085803026
2021-03-28,Sunday,3,0,,Lluvioso,,1.1544962686232456,0.7997776306902712
2021-03-29,Monday,3,1,Viernes Santo,Lluvioso,,1.2736736930823285,0.8236311468636238
2021-03-30,Tuesday,3,1,Sábado Santo,Lluvioso,,1.1397406017119276,0.8404929941088208
2021-03-31,Wednesday,3,0,,Soleado,,1.0,0.8119297366973828
2021-04-01,Thursday,4,0,,Lluvioso,,0.9092797297686938,0.7019541694838367
2021-04-02,Friday,4,0,,Lluvioso,,0.9149809560720534,0.7652922616487984
2021-04-03,Saturday,4,0,,Soleado,,1.1552753741306065,0.8035423286769423
2021-04-04,Sunday,4,0,,Lluvioso,,1.1198274682788394,0.7175732998289667
2021-04-05,Monday,4,0,,Lluvioso,,0.9052841058718643,0.7701253862418361
2021-04-06,Tuesday,4,0,,Soleado,,1.0,0.7066406217582732
2021-04-07,Wednesday,4,0,,Soleado,,1.0,0.7157156994310041
2021-04-08,Thursday,4,0,,Nublado,,1.0,0.7793846552403192
2021-04-09,Friday,4,0,,Nublado,,1.0,0.726543150808612
2021-04-10,Saturday,4,0,,Nublado,,1.1905504908105724,0.8135081696523117
2021-04-11,Sunday,4,0,,Lluvioso,,1.0839058601542615,0.8378929938274531
2021-04-12,Monday,4,0,,Lluvioso,,0.8867095579311793,0.8601173398218166
2021-04-13,Tuesday,4,0,,Lluvioso,,0.9688198242940466,0.740030048848962
2021-04-14,Wednesday,4,0,,Soleado,,1.0,0.7334965164518139
2021-04-15,Thursday,4,0,,Lluvioso,,0.9495020292366991,0.72091356806688
2021-04-16,Friday,4,0,,Nublado,,1.0,0.8272860499087273
2021-04-17,Saturday,4,0,,Soleado,,1.1458330385994424,0.8412951452973803
2021-04-18,Sunday,4,0,,Soleado,,1.1207178752260685,0.7063172289651284
2021-04-19,Monday,4,0,,Soleado,,1.0,0.887242449248738
2021-04-20,Tuesday,4,0,,Nublado,,1.0,0.7103942567302944
2021-04-21,Wednesday,4,0,,Nublado,,1.0,0.8082592670602141
2021-04-22,Thursday,4,0,,Nublado,,1.0,0.8418121038901833
2021-04-23,Friday,4,0,,Soleado,,1.0,0.8741938247492171
2021-04-24,Saturday,4,0,,Soleado,,1.2260099856991284,0.8428173864264856
2021-04-25,Sunday,4,0,,Lluvioso,,1.1459774602989325,0.8603456166139584
2021-04-26,Monday,4,0,,Lluvioso,,0.9494143312017351,0.7678900385085612
2021-04-27,Tuesday,4,0,,Nublado,,1.0,0.8629650227493024
2021-04-28,Wednesday,4,0,,Soleado,,1.0,0.716022969276935
2021-04-29,Thursday,4,0,,Lluvioso,,0.8866640186560681,0.8789633312121056
2021-04-30,Friday,4,0,,Nublado,,1.0,0.8095184752307473
2021-05-01,Saturday,5,1,Día del Trabajador,Nublado,,1.4852852624798722,0.8634595539924987
2021-05-02,Sunday,5,0,,Lluvioso,,1.153461740863084,0.79046365690366
2021-05-03,Monday,5,0,,Nublado,,1.0,0.8287155390393051
2021-05-04,Tuesday,5,0,,Lluvioso,,0.9097808222367384,0.8052805321872226
2021-05-05,Wednesday,5,0,,Nublado,,1.0,0.8463179043510664
2021-05-06,Thursday,5,0,,Nublado,,1.0,0.7163259964061178
2021-05-07,Friday,5,0,,Nublado,,1.0,0.7120704167981127
2021-05-08,Saturday,5,0,,Soleado,,1.1282625855371833,0.7494206468020292
2021-05-09,Sunday,5,0,,Soleado,,1.1604277018230362,0.7319089360226376
2021-05-10,Monday,5,0,,Soleado,,1.0,0.8743567133184403
2021-05-11,Tuesday,5,0,,Soleado,,1.0,0.7438427974716089
2021-05-12,Wednesday,5,0,,Nublado,,1.0,0.8951730511638263
2021-05-13,Thursday,5,0,,Nublado,,1.0,0.7673791583542213
2021-05-14,Friday,5,0,,Nublado,,1.0,0.7364235831377398
2021-05-15,Saturday,5,0,,Lluvioso,,1.0991211672182022,0.8579397014284958
2021-05-16,Sunday,5,0,,Soleado,,1.2028824712761776,0.8317415551001752
2021-05-17,Monday,5,0,,Soleado,,1.0,0.7996391432906278
2021-05-18,Tuesday,5,0,,Lluvioso,,0.9598491468318694,0.8110727101875262
2021-05-19,Wednesday,5,0,,Lluvioso,,0.9224993432645754,0.8438403556544528
2021-05-20,Thursday,5,0,,Nublado,,1.0,0.7456909482662597
2021-05-21,Friday,5,0,Día del Pollo a la Brasa,Nublado,,1.2239188491876603,0.8992667832113483
2021-05-22,Saturday,5,0,,Lluvioso,,1.1502310604093353,0.8949586324293566
2021-05-23,Sunday,5,0,,Lluvioso,,1.1325865008301106,0.8300651372693874
2021-05-24,Monday,5,0,,Lluvioso,,0.9244416036727952,0.739908490185829
2021-05-25,Tuesday,5,0,,Lluvioso,,0.9270459546443794,0.8360456484862583
2021-05-26,Wednesday,5,0,,Soleado,,1.0,0.7144396817958352
2021-05-27,Thursday,5,0,,Soleado,,1.0,0.7061305004411612
2021-05-28,Friday,5,0,,Lluvioso,,0.9184786916522695,0.7515365777022427
2021-05-29,Saturday,5,0,,Lluvioso,,0.9994154912589807,0.7925245913478632
2021-05-30,Sunday,5,0,,Soleado,,1.1240857941392755,0.8736545010816761
2021-05-31,Monday,5,0,,Nublado,,1.0,0.8454338139532616
2021-06-01,Tuesday,6,0,,Nublado,,1.0,0.8485413042399962
2021-06-02,Wednesday,6,0,,Soleado,,1.0,0.785098666889615
2021-06-03,Thursday,6,0,,Soleado,,1.0,0.7691869985093925
2021-06-04,Friday,6,0,,Nublado,,1.0,0.7742077525969205
2021-06-05,Saturday,6,0,,Lluvioso,,1.0924331291457103,0.8975299127472116
2021-06-06,Sunday,6,0,,Soleado,,1.1861141898514114,0.7080218382824964
2021-06-07,Monday,6,0,,Lluvioso,,0.9616809826533483,0.8734062992244898
2021-06-08,Tuesday,6,0,,Lluvioso,,0.9024363006233987,0.8157350817144786
2021-06-09,Wednesday,6,0,,Nublado,,1.0,0.7877230838379181
2021-06-10,Thursday,6,0,,Lluvioso,,0.9169344630732067,0.8450515320830273
2021-06-11,Friday,6,0,,Lluvioso,,0.9479996024688744,0.7973337882849405
2021-06-12,Saturday,6,0,,Nublado,,1.149743761513911,0.8746846476163321
2021-06-13,Sunday,6,0,,Lluvioso,,1.0238744171145233,0.8801403728022517
2021-06-14,Monday,6,0,,Nublado,,1.0,0.7843441853746911
2021-06-15,Tuesday,6,0,,Nublado,,1.0,0.7553655594470103
2021-06-16,Wednesday,6,0,,Soleado,,1.0,0.8184700657186724
2021-06-17,Thursday,6,0,,Soleado,,1.0,0.8824726691233382
2021-06-18,Friday,6,0,,Soleado,,1.0,0.7421324378011332
2021-06-19,Saturday,6,0,,Soleado,,1.1409587673430206,0.8245933167126965
2021-06-20,Sunday,6,0,,Lluvioso,,1.182206244838471,0.8263120440185041
2021-06-21,Monday,6,0,,Soleado,,1.0,0.8466226044830563
2021-06-22,Tuesday,6,0,,Nublado,,1.0,0.7263135370254519
2021-06-23,Wednesday,6,0,,Soleado,,1.0,0.8431649929364178
2021-06-24,Thursday,6,0,,Nublado,,1.0,0.8818065041331282
2021-06-25,Friday,6,0,,Soleado,,1.0,0.7359366217740484
2021-06-26,Saturday,6,0,,Lluvioso,,1.15236285824998,0.7475086649847755
2021-06-27,Sunday,6,0,,Soleado,,1.224477369996885,0.8942790188083279
2021-06-28,Monday,6,0,,Nublado,,1.0,0.7361953905418979
2021-06-29,Tuesday,6,1,San Pedro y San Pablo,Soleado,,1.287314011777207,0.8708770186739159
2021-06-30,Wednesday,6,0,,Nublado,,1.0,0.798455571289607
2021-07-01,Thursday,7,0,,Nublado,,1.0,0.7494462148806353
2021-07-02,Friday,7,0,,Lluvioso,,0.960330309864098,0.8741499802545023
2021-07-03,Saturday,7,0,,Soleado,,1.1901144914490347,0.7890610510005331
2021-07-04,Sunday,7,0,,Lluvioso,,1.1767625759325981,0.802963470785938
2021-07-05,Monday,7,0,,Lluvioso,,0.9086203127474678,0.7718466738799531
2021-07-06,Tuesday,7,0,,Lluvioso,,0.8899046732074909,0.8185901702869854
2021-07-07,Wednesday,7,0,,Soleado,,1.0,0.7327047745170046
2021-07-08,Thursday,7,0,,Soleado,,1.0,0.7782163073303521
2021-07-09,Friday,7,0,,Nublado,,1.0,0.8938824644670575
2021-07-10,Saturday,7,0,,Lluvioso,,1.0558672764220394,0.7516266865402255
2021-07-11,Sunday,7,0,,Nublado,,1.226341919569924,0.8313473329082585
2021-07-12,Monday,7,0,,Soleado,,1.0,0.765038012844939
2021-07-13,Tuesday,7,0,,Soleado,,1.0,0.8546946251373202
2021-07-14,Wednesday,7,0,,Soleado,,1.0,0.7261747321436699
2021-07-15,Thursday,7,0,,Soleado,,1.0,0.8939642090157089
2021-07-16,Friday,7,0,,Lluvioso,,0.9574657524930709,0.7907579082767279
2021-07-17,Saturday,7,0,,Nublado,,1.1209037769690549,0.7472100926692927
2021-07-18,Sunday,7,0,,Soleado,,1.1863971493350836,0.7146993494660024
2021-07-19,Monday,7,0,,Nublado,,1.0,0.7339515810175081
2021-07-20,Tuesday,7,0,,Soleado,,1.0,0.8039547897112035
2021-07-21,Wednesday,7,0,,Nublado,,1.0,0.7674006352862572
2021-07-22,Thursday,7,0,,Nublado,,1.0,0.865776673176522
2021-07-23,Friday,7,0,,Soleado,,1.0,0.7861775047323611
2021-07-24,Saturday,7,0,,Soleado,,1.1742634304093413,0.749742854517526
2021-07-25,Sunday,7,0,,Nublado,,1.148874015361195,0.823428997320806
2021-07-26,Monday,7,0,,Lluvioso,,0.8907878830600314,0.8413554433770891
2021-07-27,Tuesday,7,0,,Soleado,,1.0,0.73340838158019
2021-07-28,Wednesday,7,1,Fiestas Patrias 1,Soleado,,1.3175230342807256,0.7335238432576635
2021-07-29,Thursday,7,1,Fiestas Patrias 2,Lluvioso,,1.3077979589977744,0.7073342853867085
2021-07-30,Friday,7,0,,Lluvioso,,0.9266911559569029,0.8472804030131281
2021-07-31,Saturday,7,0,,Soleado,,1.2113924646563732,0.832760905524361
2021-08-01,Sunday,8,0,,Soleado,,1.1672718483093083,0.7949261751499628
2021-08-02,Monday,8,0,,Soleado,,1.0,0.8688340897938395
2021-08-03,Tuesday,8,0,,Soleado,,1.0,0.8611340305900106
2021-08-04,Wednesday,8,0,,Nublado,,1.0,0.8170708728793504
2021-08-05,Thursday,8,0,,Nublado,,1.0,0.8736542561026517
2021-08-06,Friday,8,0,,Nublado,,1.0,0.7411682420073537
2021-08-07,Saturday,8,0,,Soleado,,1.2463316707537249,0.7223839238795455
2021-08-08,Sunday,8,0,,Nublado,,1.2451181483424745,0.7539499223033979
2021-08-09,Monday,8,0,,Soleado,,1.0,0.711417371217863
2021-08-10,Tuesday,8,0,,Soleado,,1.0,0.8062339056002064
2021-08-11,Wednesday,8,0,,Nublado,,1.0,0.8873211384589923
2021-08-12,Thursday,8,0,,Soleado,,1.0,0.7078687081337018
2021-08-13,Friday,8,0,,Nublado,,1.0,0.7244219828020053
2021-08-14,Saturday,8,0,,Nublado,,1.1527316984572975,0.790439805656687
2021-08-15,Sunday,8,0,,Nublado,,1.1846423057660103,0.886775003505581
2021-08-16,Monday,8,0,,Nublado,,1.0,0.7632312209953501
2021-08-17,Tuesday,8,0,,Nublado,,1.0,0.8014469617376785
2021-08-18,Wednesday,8,0,,Lluvioso,,0.9070790478835092,0.7083145718100784
2021-08-19,Thursday,8,0,,Lluvioso,,0.905635644493972,0.7296686401924177
2021-08-20,Friday,8,0,,Lluvioso,,0.883319825261908,0.8973260245917694
2021-08-21,Saturday,8,0,,Lluvioso,,1.1095892632355715,0.8930237392872091
2021-08-22,Sunday,8,0,,Lluvioso,,1.0197445618906733,0.7009879961868819
2021-08-23,Monday,8,0,,Nublado,,1.0,0.8903623570846478
2021-08-24,Tuesday,8,0,,Soleado,,1.0,0.8278239875631
2021-08-25,Wednesday,8,0,,Soleado,,1.0,0.8735836589040045
2021-08-26,Thursday,8,0,,Nublado,,1.0,0.7909479711267718
2021-08-27,Friday,8,0,,Soleado,,1.0,0.80311920571585
2021-08-28,Saturday,8,0,,Soleado,,1.238074565175665,0.797769316051384
2021-08-29,Sunday,8,0,,Lluvioso,,1.0280174054863187,0.8333728515092209
2021-08-30,Monday,8,1,Santa Rosa de Lima,Lluvioso,,1.3057130899340925,0.7279302509512625
2021-08-31,Tuesday,8,0,,Lluvioso,,0.901784974436035,0.7059947179745355
2021-09-01,Wednesday,9,0,,Soleado,,1.0,0.7615859883182382
2021-09-02,Thursday,9,0,,Lluvioso,,0.940492199266529,0.8409361525473293
2021-09-03,Friday,9,0,,Nublado,,1.0,0.7403706904245897
2021-09-04,Saturday,9,0,,Soleado,,1.2190105499927333,0.8346864866649835
2021-09-05,Sunday,9,0,,Soleado,,1.150892880719012,0.8939824092214541
2021-09-06,Monday,9,0,,Lluvioso,,0.9455394713750673,0.7187801431578836
2021-09-07,Tuesday,9,0,,Nublado,,1.0,0.8345204236450252
2021-09-08,Wednesday,9,0,,Lluvioso,,0.9131004819447328,0.7887500438609142
2021-09-09,Thursday,9,0,,Lluvioso,,0.9369075247534221,0.8736284508755011
2021-09-10,Friday,9,0,,Soleado,,1.0,0.7354299578894772
2021-09-11,Saturday,9,0,,Soleado,,1.2023588623989163,0.8385251904452329
2021-09-12,Sunday,9,0,,Lluvioso,,1.0565598198640418,0.867623057929622
2021-09-13,Monday,9,0,,Soleado,,1.0,0.8889228438948047
2021-09-14,Tuesday,9,0,,Soleado,,1.0,0.8366496056579291
2021-09-15,Wednesday,9,0,,Soleado,,1.0,0.7994349528016854
2021-09-16,Thursday,9,0,,Lluvioso,,0.9551772246030314,0.8235694480402428
2021-09-17,Friday,9,0,,Soleado,,1.0,0.8737809968957436
2021-09-18,Saturday,9,0,,Lluvioso,,1.0417983328937206,0.8141219493277659
2021-09-19,Sunday,9,0,,Soleado,,1.1253007684021195,0.7060774119393673
2021-09-20,Monday,9,0,,Nublado,,1.0,0.8861897391013955
2021-09-21,Tuesday,9,0,,Soleado,,1.0,0.8379053502063123
2021-09-22,Wednesday,9,0,,Lluvioso,,0.9331803648869418,0.8353026771554493
2021-09-23,Thursday,9,0,,Soleado,,1.0,0.7431350304795434
2021-09-24,Friday,9,0,,Lluvioso,,0.9409807925658054,0.8317770940465314
2021-09-25,Saturday,9,0,,Lluvioso,,1.0392160136968551,0.7787728811308317
2021-09-26,Sunday,9,0,,Soleado,,1.149444450775732,0.8302465954082985
2021-09-27,Monday,9,0,,Lluvioso,,0.9380655511368505,0.7213186060615981
2021-09-28,Tuesday,9,0,,Soleado,,1.0,0.8315690609206072
2021-09-29,Wednesday,9,0,,Nublado,,1.0,0.8998827451541334
2021-09-30,Thursday,9,0,,Lluvioso,,0.8956929786104493,0.7096424077721112
2021-10-01,Friday,10,0,,Lluvioso,,0.9421843964292219,0.8954348368442635
2021-10-02,Saturday,10,0,,Lluvioso,,1.1285034256614797,0.7813815921445741
2021-10-03,Sunday,10,0,,Lluvioso,,1.0362606582655383,0.8741506900674518
2021-10-04,Monday,10,0,,Nublado,,1.0,0.8564770968116547
2021-10-05,Tuesday,10,0,,Nublado,,1.0,0.8134032521973336
2021-10-06,Wednesday,10,0,,Soleado,,1.0,0.8476898418502653
2021-10-07,Thursday,10,0,,Lluvioso,,0.890212616911653,0.8757031122602696
2021-10-08,Friday,10,1,Combate de Angamos,Lluvioso,,1.376049615892836,0.7808280643302066
2021-10-09,Saturday,10,0,,Nublado,,1.1535324116029704,0.7654066323126477
2021-10-10,Sunday,10,0,,Soleado,,1.2057979259844434,0.833518677112717
2021-10-11,Monday,10,0,,Nublado,,1.0,0.8615691883882517
2021-10-12,Tuesday,10,0,,Nublado,,1.0,0.8524570269553231
2021-10-13,Wednesday,10,0,,Soleado,,1.0,0.8595627297717269
2021-10-14,Thursday,10,0,,Lluvioso,,0.9535499980181094,0.7871166629625865
2021-10-15,Friday,10,0,,Lluvioso,,0.9299680730439516,0.8635668432350043
2021-10-16,Saturday,10,0,,Nublado,,1.188854575186281,0.7240418110741217
2021-10-17,Sunday,10,0,,Nublado,,1.1514407978170589,0.8088978195921699
2021-10-18,Monday,10,0,,Nublado,,1.0,0.7011517320996242
2021-10-19,Tuesday,10,0,,Soleado,,1.0,0.764917165980054
2021-10-20,Wednesday,10,0,,Soleado,,1.0,0.7732923069742795
2021-10-21,Thursday,10,0,,Nublado,,1.0,0.7792345383218511
2021-10-22,Friday,10,0,,Lluvioso,,0.888379249102531,0.8390934413379725
2021-10-23,Saturday,10,0,,Lluvioso,,1.1884556933266264,0.7777116202540691
2021-10-24,Sunday,10,0,,Soleado,,1.202303189445525,0.7897387245245061
2021-10-25,Monday,10,0,,Soleado,,1.0,0.7475088261748655
2021-10-26,Tuesday,10,0,,Lluvioso,,0.9105126811943831,0.774650358325868
2021-10-27,Wednesday,10,0,,Soleado,,1.0,0.7454539254526302
2021-10-28,Thursday,10,0,,Lluvioso,,0.9114288617151395,0.7146391847536887
2021-10-29,Friday,10,0,,Nublado,,1.0,0.8206897186762756
2021-10-30,Saturday,10,0,,Soleado,,1.214374238253131,0.8336425597110033
2021-10-31,Sunday,10,0,,Nublado,,1.236624333793835,0.8238980692019229
2021-11-01,Monday,11,1,Día de Todos los Santos,Soleado,,1.4274172848530233,0.7926988087601144
2021-11-02,Tuesday,11,0,,Soleado,,1.0,0.7759571560358459
2021-11-03,Wednesday,11,0,,Nublado,,1.0,0.8726667299143651
2021-11-04,Thursday,11,0,,Nublado,,1.0,0.8038163570272436
2021-11-05,Friday,11,0,,Soleado,,1.0,0.7958363755259462
2021-11-06,Saturday,11,0,,Nublado,,1.2213838209614911,0.705128413161287
2021-11-07,Sunday,11,0,,Lluvioso,,1.0681617688782792,0.7682495655252313
2021-11-08,Monday,11,0,,Lluvioso,,0.8945465842685152,0.7760391237571714
2021-11-09,Tuesday,11,0,,Nublado,,1.0,0.7797645561793801
2021-11-10,Wednesday,11,0,,Lluvioso,,0.9608698769674371,0.8160344738454665
2021-11-11,Thursday,11,0,,Lluvioso,,0.934578615369363,0.8067205093453756
2021-11-12,Friday,11,0,,Lluvioso,,0.8808277346454967,0.8215810185586889
2021-11-13,Saturday,11,0,,Soleado,,1.1331913005725842,0.8529766523084257
2021-11-14,Sunday,11,0,,Lluvioso,,1.0620541029647468,0.8625971477432187
2021-11-15,Monday,11,0,,Lluvioso,,0.8944727246275749,0.8436246152452989
2021-11-16,Tuesday,11,0,,Nublado,,1.0,0.891104739190987
2021-11-17,Wednesday,11,0,,Lluvioso,,0.9293860410429927,0.7036465165352723
2021-11-18,Thursday,11,0,,Soleado,,1.0,0.7391555971367092
2021-11-19,Friday,11,0,,Soleado,,1.0,0.7015125749956284
2021-11-20,Saturday,11,0,,Nublado,,1.2099463757000501,0.8294949428309206
2021-11-21,Sunday,11,0,,Soleado,,1.204754963735338,0.8796061097899974
2021-11-22,Monday,11,0,,Soleado,,1.0,0.7486964593152599
2021-11-23,Tuesday,11,0,,Lluvioso,,0.9001842378514504,0.8854069089592613
2021-11-24,Wednesday,11,0,,Lluvioso,,0.9440961299212782,0.7120534780579121
2021-11-25,Thursday,11,0,,Soleado,,1.0,0.8868872053611029
2021-11-26,Friday,11,0,,Nublado,,1.0,0.7703245374479268
2021-11-27,Saturday,11,0,,Nublado,,1.150842381374584,0.7202841656898432
2021-11-28,Sunday,11,0,,Lluvioso,,1.1009140836167925,0.7971743518372651
2021-11-29,Monday,11,0,,Soleado,,1.0,0.7513553135441016
2021-11-30,Tuesday,11,0,,Lluvioso,,0.9384669609142493,0.7569745803923845
2021-12-01,Wednesday,12,0,,Nublado,,1.0,0.7614579929852573
2021-12-02,Thursday,12,0,,Soleado,,1.0,0.8606051795665327
2021-12-03,Friday,12,0,,Lluvioso,,0.9564301069444759,0.8078322553350509
2021-12-04,Saturday,12,0,,Lluvioso,,1.1224890287483706,0.7622615398312007
2021-12-05,Sunday,12,0,,Nublado,,1.1321777198176521,0.8220667566621837
2021-12-06,Monday,12,0,,Lluvioso,,0.913094422275349,0.8432301348446387
2021-12-07,Tuesday,12,0,,Nublado,,1.0,0.7545248001467068
2021-12-08,Wednesday,12,1,Inmaculada Concepción,Nublado,,1.303040473536345,0.7827098203050703
2021-12-09,Thursday,12,0,,Soleado,,1.0,0.7243772186673895
2021-12-10,Friday,12,0,,Soleado,,1.0,0.7362298699069361
2021-12-11,Saturday,12,0,,Lluvioso,,1.114369511751234,0.8362235707929966
2021-12-12,Sunday,12,0,,Nublado,,1.1711027042066788,0.7362876695391254
2021-12-13,Monday,12,0,,Nublado,,1.0,0.8050326767334121
2021-12-14,Tuesday,12,0,,Soleado,,1.0,0.8418092523444866
2021-12-15,Wednesday,12,0,,Soleado,,1.0,0.7213753846189487
2021-12-16,Thursday,12,0,,Nublado,,1.0,0.8134624439257807
2021-12-17,Friday,12,0,,Soleado,,1.0,0.7513125567402728
2021-12-18,Saturday,12,0,,Lluvioso,,1.1578560583475588,0.892585375047516
2021-12-19,Sunday,12,0,,Nublado,,1.2233254694604143,0.796709129343985
2021-12-20,Monday,12,0,,Soleado,,1.0,0.8611985099550317
2021-12-21,Tuesday,12,0,,Lluvioso,,0.9252373383794673,0.8100453084312523
2021-12-22,Wednesday,12,0,,Nublado,,1.0,0.7086825065709638
2021-12-23,Thursday,12,0,,Lluvioso,,0.9319213496163723,0.8266302751188045
2021-12-24,Friday,12,0,,Lluvioso,,0.9243265924436977,0.8902806684413314
2021-12-25,Saturday,12,1,Navidad,Nublado,,1.597223655783401,0.8203223640292663
2021-12-26,Sunday,12,0,,Lluvioso,,1.0202512865202025,0.863837771885358
2021-12-27,Monday,12,0,,Soleado,,1.0,0.8768412926696816
2021-12-28,Tuesday,12,0,,Soleado,,1.0,0.7456159543897865
2021-12-29,Wednesday,12,0,,Soleado,,1.0,0.7424089679816452
2021-12-30,Thursday,12,0,,Lluvioso,,0.9380925066316451,0.8221961977701984
2021-12-31,Friday,12,0,,Soleado,,1.0,0.7822056939613409
2022-01-01,Saturday,1,1,Año Nuevo,Lluvioso,,1.5876448976172435,1.0
2022-01-02,Sunday,1,0,,Soleado,,1.2389323707286584,1.0
2022-01-03,Monday,1,0,,Nublado,,1.0,1.0
2022-01-04,Tuesday,1,0,,Lluvioso,,0.91331428302299,1.0
2022-01-05,Wednesday,1,0,,Lluvioso,,0.8813910954875981,1.0
2022-01-06,Thursday,1,0,,Soleado,,1.0,1.0
2022-01-07,Friday,1,0,,Nublado,,1.0,1.0
2022-01-08,Saturday,1,0,,Soleado,,1.2406814131364043,1.0
2022-01-09,Sunday,1,0,,Soleado,,1.175663939281251,1.0
2022-01-10,Monday,1,0,,Nublado,,1.0,1.0
2022-01-11,Tuesday,1,0,,Nublado,,1.0,1.0
2022-01-12,Wednesday,1,0,,Soleado,,1.0,1.0
2022-01-13,Thursday,1,0,,Nublado,,1.0,1.0
2022-01-14,Friday,1,0,,Soleado,,1.0,1.0
2022-01-15,Saturday,1,0,,Lluvioso,,1.2042166133557792,1.0
2022-01-16,Sunday,1,0,,Soleado,,1.2308912292107568,1.0
2022-01-17,Monday,1,0,,Lluvioso,,0.9065004002862627,1.0
2022-01-18,Tuesday,1,0,,Soleado,,1.0,1.0
2022-01-19,Wednesday,1,0,,Nublado,,1.0,1.0
2022-01-20,Thursday,1,0,,Lluvioso,,0.9146587955741733,1.0
2022-01-21,Friday,1,0,,Nublado,,1.0,1.0
2022-01-22,Saturday,1,0,,Lluvioso,,1.1180717774462914,1.0
2022-01-23,Sunday,1,0,,Lluvioso,,1.062219710648079,1.0
2022-01-24,Monday,1,0,,Soleado,,1.0,1.0
2022-01-25,Tuesday,1,0,,Soleado,,1.0,1.0
2022-01-26,Wednesday,1,0,,Soleado,,1.0,1.0
2022-01-27,Thursday,1,0,,Soleado,,1.0,1.0
2022-01-28,Friday,1,0,,Nublado,,1.0,1.0
2022-01-29,Saturday,1,0,,Soleado,,1.2417001206409015,1.0
2022-01-30,Sunday,1,0,,Soleado,,1.2104838735677466,1.0
2022-01-31,Monday,1,0,,Lluvioso,,0.9313055053080428,1.0
2022-02-01,Tuesday,2,0,,Nublado,,1.0,1.0
2022-02-02,Wednesday,2,0,,Nublado,,1.0,1.0
2022-02-03,Thursday,2,0,,Lluvioso,,0.8887458844393692,1.0
2022-02-04,Friday,2,0,,Lluvioso,,0.9353506504029253,1.0
2022-02-05,Saturday,2,0,,Soleado,,1.2487070005135543,1.0
2022-02-06,Sunday,2,0,,Nublado,,1.1382109219807481,1.0
2022-02-07,Monday,2,0,,Soleado,,1.0,1.0
2022-02-08,Tuesday,2,0,,Lluvioso,,0.9266496687127364,1.0
2022-02-09,Wednesday,2,0,,Soleado,,1.0,1.0
2022-02-10,Thursday,2,0,,Nublado,,1.0,1.0
2022-02-11,Friday,2,0,,Soleado,,1.0,1.0
2022-02-12,Saturday,2,0,,Nublado,,1.2340584993506343,1.0
2022-02-13,Sunday,2,0,,Soleado,,1.2162999203080467,1.0
2022-02-14,Monday,2,0,,Soleado,,1.0,1.0
2022-02-15,Tuesday,2,0,,Nublado,,1.0,1.0
2022-02-16,Wednesday,2,0,,Nublado,,1.0,1.0
2022-02-17,Thursday,2,0,,Nublado,,1.0,1.0
2022-02-18,Friday,2,0,,Soleado,,1.0,1.0
2022-02-19,Saturday,2,0,,Soleado,,1.2106120463293848,1.0
2022-02-20,Sunday,2,0,,Soleado,,1.2113229309183242,1.0
2022-02-21,Monday,2,0,,Lluvioso,,0.9123542036097779,1.0
2022-02-22,Tuesday,2,0,,Soleado,,1.0,1.0
2022-02-23,Wednesday,2,0,,Nublado,,1.0,1.0
2022-02-24,Thursday,2,0,,Nublado,,1.0,1.0
2022-02-25,Friday,2,0,,Nublado,,1.0,1.0
2022-02-26,Saturday,2,0,,Soleado,,1.1581669397543841,1.0
2022-02-27,Sunday,2,0,,Nublado,,1.2252169502122068,1.0
2022-02-28,Monday,2,0,,Nublado,,1.0,1.0
2022-03-01,Tuesday,3,0,,Lluvioso,,0.9529102055211263,1.0
2022-03-02,Wednesday,3,0,,Lluvioso,,0.9580365086722094,1.0
2022-03-03,Thursday,3,0,,Nublado,,1.0,1.0
2022-03-04,Friday,3,0,,Lluvioso,,0.9621916497300824,1.0
2022-03-05,Saturday,3,0,,Lluvioso,,1.0976508375129215,1.0
2022-03-06,Sunday,3,0,,Nublado,,1.2237783732656808,1.0
2022-03-07,Monday,3,0,,Soleado,,1.0,1.0
2022-03-08,Tuesday,3,0,,Soleado,,1.0,1.0
2022-03-09,Wednesday,3,0,,Nublado,,1.0,1.0
2022-03-10,Thursday,3,0,,Soleado,,1.0,1.0
2022-03-11,Friday,3,0,,Lluvioso,,0.9384967537699989,1.0
2022-03-12,Saturday,3,0,,Nublado,,1.2112556940435015,1.0
2022-03-13,Sunday,3,0,,Soleado,,1.223453047026693,1.0
2022-03-14,Monday,3,0,,Soleado,,1.0,1.0
2022-03-15,Tuesday,3,0,,Lluvioso,,0.9601004807635809,1.0
2022-03-16,Wednesday,3,0,,Nublado,,1.0,1.0
2022-03-17,Thursday,3,0,,Nublado,,1.0,1.0
2022-03-18,Friday,3,0,,Lluvioso,,0.9104195641166383,1.0
2022-03-19,Saturday,3,0,,Nublado,,1.1688257838431928,1.0
2022-03-20,Sunday,3,0,,Nublado,,1.132217652179313,1.0
2022-03-21,Monday,3,0,,Lluvioso,,0.9320452126896557,1.0
2022-03-22,Tuesday,3,0,,Lluvioso,,0.8832348046417068,1.0
2022-03-23,Wednesday,3,0,,Soleado,,1.0,1.0
2022-03-24,Thursday,3,0,,Nublado,,1.0,1.0
2022-03-25,Friday,3,0,,Lluvioso,,0.9219038216319214,1.0
2022-03-26,Saturday,3,0,,Soleado,,1.190543802511985,1.0
2022-03-27,Sunday,3,0,,Nublado,,1.157250362776677,1.0
2022-03-28,Monday,3,0,,Soleado,,1.0,1.0
2022-03-29,Tuesday,3,1,Viernes Santo,Lluvioso,,1.2077423020964428,1.0
2022-03-30,Wednesday,3,1,Sábado Santo,Nublado,,1.2574696377498429,1.0
2022-03-31,Thursday,3,0,,Soleado,,1.0,1.0
2022-04-01,Friday,4,0,,Lluvioso,,0.9540340504593692,1.0
2022-04-02,Saturday,4,0,,Lluvioso,,1.040148971341095,1.0
2022-04-03,Sunday,4,0,,Lluvioso,,1.127664829240289,1.0
2022-04-04,Monday,4,0,,Lluvioso,,0.8994238924747159,1.0
2022-04-05,Tuesday,4,0,,Lluvioso,,0.93606014282371,1.0
2022-04-06,Wednesday,4,0,,Lluvioso,,0.8876812718494391,1.0
2022-04-07,Thursday,4,0,,Lluvioso,,0.8846513549051747,1.0
2022-04-08,Friday,4,0,,Soleado,,1.0,1.0
2022-04-09,Saturday,4,0,,Nublado,,1.1890761021038594,1.0
2022-04-10,Sunday,4,0,,Nublado,,1.190282565809314,1.0
2022-04-11,Monday,4,0,,Soleado,,1.0,1.0
2022-04-12,Tuesday,4,0,,Lluvioso,,0.9373686911348386,1.0
2022-04-13,Wednesday,4,0,,Nublado,,1.0,1.0
2022-04-14,Thursday,4,0,,Lluvioso,,0.9453482200350395,1.0
2022-04-15,Friday,4,0,,Nublado,,1.0,1.0
2022-04-16,Saturday,4,0,,Lluvioso,,1.1551753963909228,1.0
2022-04-17,Sunday,4,0,,Soleado,,1.161984341482362,1.0
2022-04-18,Monday,4,0,,Lluvioso,,0.9515667575291833,1.0
2022-04-19,Tuesday,4,0,,Nublado,,1.0,1.0
2022-04-20,Wednesday,4,0,,Lluvioso,,0.9043749026135867,1.0
2022-04-21,Thursday,4,0,,Nublado,,1.0,1.0
2022-04-22,Friday,4,0,,Lluvioso,,0.9195074278635073,1.0
2022-04-23,Saturday,4,0,,Nublado,,1.1301993295744948,1.0
2022-04-24,Sunday,4,0,,Nublado,,1.1232955966440097,1.0
2022-04-25,Monday,4,0,,Nublado,,1.0,1.0
2022-04-26,Tuesday,4,0,,Lluvioso,,0.9666383573210132,1.0
2022-04-27,Wednesday,4,0,,Nublado,,1.0,1.0
2022-04-28,Thursday,4,0,,Lluvioso,,0.9552382108460985,1.0
2022-04-29,Friday,4,0,,Soleado,,1.0,1.0
2022-04-30,Saturday,4,0,,Soleado,,1.2104766467921808,1.0
2022-05-01,Sunday,5,1,Día del Trabajador,Nublado,,1.5071153809467126,1.0
2022-05-02,Monday,5,0,,Nublado,,1.0,1.0
2022-05-03,Tuesday,5,0,,Soleado,,1.0,1.0
2022-05-04,Wednesday,5,0,,Nublado,,1.0,1.0
2022-05-05,Thursday,5,0,,Soleado,,1.0,1.0
2022-05-06,Friday,5,0,,Soleado,,1.0,1.0
2022-05-07,Saturday,5,0,,Lluvioso,,1.0291789047461417,1.0
2022-05-08,Sunday,5,0,,Nublado,,1.1913994664117957,1.0
2022-05-09,Monday,5,0,,Nublado,,1.0,1.0
2022-05-10,Tuesday,5,0,,Lluvioso,,0.9443136330430056,1.0
2022-05-11,Wednesday,5,0,,Lluvioso,,0.9394177639045957,1.0
2022-05-12,Thursday,5,0,,Soleado,,1.0,1.0
2022-05-13,Friday,5,0,,Lluvioso,,0.9051940507251348,1.0
2022-05-14,Saturday,5,0,,Nublado,,1.2441324864862153,1.0
2022-05-15,Sunday,5,0,,Soleado,,1.21592659917045,1.0
2022-05-16,Monday,5,0,,Soleado,,1.0,1.0
2022-05-17,Tuesday,5,0,Día del Padre,Soleado,,1.5163062157534202,1.0
2022-05-18,Wednesday,5,0,,Nublado,,1.0,1.0
2022-05-19,Thursday,5,0,,Soleado,,1.0,1.0
2022-05-20,Friday,5,0,,Lluvioso,,0.9350548671610917,1.0
2022-05-21,Saturday,5,0,,Lluvioso,,1.0597897217657777,1.0
2022-05-22,Sunday,5,0,,Nublado,,1.1662764482246641,1.0
2022-05-23,Monday,5,0,,Soleado,,1.0,1.0
2022-05-24,Tuesday,5,0,,Soleado,,1.0,1.0
2022-05-25,Wednesday,5,0,,Soleado,,1.0,1.0
2022-05-26,Thursday,5,0,,Soleado,,1.0,1.0
2022-05-27,Friday,5,0,,Lluvioso,,0.9482061499417932,1.0
2022-05-28,Saturday,5,0,,Soleado,,1.1218711535218684,1.0
2022-05-29,Sunday,5,0,,Soleado,,1.1350894432658991,1.0
2022-05-30,Monday,5,0,,Nublado,,1.0,1.0
2022-05-31,Tuesday,5,0,,Lluvioso,,0.8841402377819577,1.0
2022-06-01,Wednesday,6,0,,Nublado,,1.0,1.0
2022-06-02,Thursday,6,0,,Lluvioso,,0.8836655922087073,1.0
2022-06-03,Friday,6,0,,Nublado,,1.0,1.0
2022-06-04,Saturday,6,0,,Lluvioso,,1.161436236327317,1.0
2022-06-05,Sunday,6,0,,Soleado,,1.1816425977813523,1.0
2022-06-06,Monday,6,0,,Nublado,,1.0,1.0
2022-06-07,Tuesday,6,0,,Soleado,,1.0,1.0
2022-06-08,Wednesday,6,0,,Nublado,,1.0,1.0
2022-06-09,Thursday,6,0,,Lluvioso,,0.8888050744585901,1.0
2022-06-10,Friday,6,0,,Soleado,,1.0,1.0
2022-06-11,Saturday,6,0,,Soleado,,1.1839100637651883,1.0
2022-06-12,Sunday,6,0,,Soleado,,1.1815513302014735,1.0
2022-06-13,Monday,6,0,,Nublado,,1.0,1.0
2022-06-14,Tuesday,6,0,,Soleado,,1.0,1.0
2022-06-15,Wednesday,6,0,,Soleado,,1.0,1.0
2022-06-16,Thursday,6,0,,Soleado,,1.0,1.0
2022-06-17,Friday,6,0,,Soleado,,1.0,1.0
2022-06-18,Saturday,6,0,,Nublado,,1.142516243088302,1.0
2022-06-19,Sunday,6,0,,Nublado,,1.1764007144009365,1.0
2022-06-20,Monday,6,0,,Nublado,,1.0,1.0
2022-06-21,Tuesday,6,0,,Lluvioso,,0.9158654260957636,1.0
2022-06-22,Wednesday,6,0,,Soleado,,1.0,1.0
2022-06-23,Thursday,6,0,,Lluvioso,,0.9354265088246995,1.0
2022-06-24,Friday,6,0,,Soleado,,1.0,1.0
2022-06-25,Saturday,6,0,,Nublado,,1.2025621746127937,1.0
2022-06-26,Sunday,6,0,,Nublado,,1.125889521270366,1.0
2022-06-27,Monday,6,0,,Lluvioso,,0.9137151353163824,1.0
2022-06-28,Tuesday,6,0,,Lluvioso,,0.9363273924142812,1.0
2022-06-29,Wednesday,6,1,San Pedro y San Pablo,Nublado,,1.3506272517160176,1.0
2022-06-30,Thursday,6,0,,Nublado,,1.0,1.0
2022-07-01,Friday,7,0,,Nublado,,1.0,1.0
2022-07-02,Saturday,7,0,,Nublado,,1.2313436793544819,1.0
2022-07-03,Sunday,7,0,,Lluvioso,,1.0786340309800486,1.0
2022-07-04,Monday,7,0,,Lluvioso,,0.8863511872660387,1.0
2022-07-05,Tuesday,7,0,,Nublado,,1.0,1.0
2022-07-06,Wednesday,7,0,,Lluvioso,,0.9378177350385684,1.0
2022-07-07,Thursday,7,0,,Soleado,,1.0,1.0
2022-07-08,Friday,7,0,,Nublado,,1.0,1.0
2022-07-09,Saturday,7,0,,Soleado,,1.123446470370411,1.0
2022-07-10,Sunday,7,0,,Lluvioso,,1.1538318726528785,1.0
2022-07-11,Monday,7,0,,Lluvioso,,0.9317926760088291,1.0
2022-07-12,Tuesday,7,0,,Soleado,,1.0,1.0
2022-07-13,Wednesday,7,0,,Nublado,,1.0,1.0
2022-07-14,Thursday,7,0,,Lluvioso,,0.9149352933585869,1.0
2022-07-15,Friday,7,0,,Lluvioso,,0.9378959396598118,1.0
2022-07-16,Saturday,7,0,,Lluvioso,,1.095947659543691,1.0
2022-07-17,Sunday,7,0,,Soleado,,1.2423904251409483,1.0
2022-07-18,Monday,7,0,,Soleado,,1.0,1.0
2022-07-19,Tuesday,7,0,,Lluvioso,,0.9147492374020697,1.0
2022-07-20,Wednesday,7,0,,Nublado,,1.0,1.0
2022-07-21,Thursday,7,0,,Soleado,,1.0,1.0
2022-07-22,Friday,7,0,,Nublado,,1.0,1.0
2022-07-23,Saturday,7,0,,Soleado,,1.244954773297109,1.0
2022-07-24,Sunday,7,0,,Soleado,,1.2376955834542882,1.0
2022-07-25,Monday,7,0,,Nublado,,1.0,1.0
2022-07-26,Tuesday,7,0,,Nublado,,1.0,1.0
2022-07-27,Wednesday,7,0,,Nublado,,1.0,1.0
2022-07-28,Thursday,7,1,Fiestas Patrias 1,Soleado,,1.2891582269578592,1.0
2022-07-29,Friday,7,1,Fiestas Patrias 2,Nublado,,1.2638722601750332,1.0
2022-07-30,Saturday,7,0,,Nublado,,1.1331011401790656,1.0
2022-07-31,Sunday,7,0,,Nublado,,1.1223688373347016,1.0
2022-08-01,Monday,8,0,,Nublado,,1.0,1.0
2022-08-02,Tuesday,8,0,,Nublado,,1.0,1.0
2022-08-03,Wednesday,8,0,,Nublado,,1.0,1.0
2022-08-04,Thursday,8,0,,Nublado,,1.0,1.0
2022-08-05,Friday,8,0,,Soleado,,1.0,1.0
2022-08-06,Saturday,8,0,,Nublado,,1.1322775848982707,1.0
2022-08-07,Sunday,8,0,,Soleado,,1.2087908805441265,1.0
2022-08-08,Monday,8,0,,Lluvioso,,0.8864069783614206,1.0
2022-08-09,Tuesday,8,0,,Lluvioso,,0.9087078067264385,1.0
2022-08-10,Wednesday,8,0,,Soleado,,1.0,1.0
2022-08-11,Thursday,8,0,,Nublado,,1.0,1.0
2022-08-12,Friday,8,0,,Soleado,,1.0,1.0
2022-08-13,Saturday,8,0,,Lluvioso,,1.0848295907391943,1.0
2022-08-14,Sunday,8,0,,Soleado,,1.2258809027365616,1.0
2022-08-15,Monday,8,0,,Lluvioso,,0.905366929729606,1.0
2022-08-16,Tuesday,8,0,,Soleado,,1.0,1.0
2022-08-17,Wednesday,8,0,,Soleado,,1.0,1.0
2022-08-18,Thursday,8,0,,Soleado,,1.0,1.0
2022-08-19,Friday,8,0,,Soleado,,1.0,1.0
2022-08-20,Saturday,8,0,,Soleado,,1.1353614275908155,1.0
2022-08-21,Sunday,8,0,,Lluvioso,,1.1338312025910964,1.0
2022-08-22,Monday,8,0,,Soleado,,1.0,1.0
2022-08-23,Tuesday,8,0,,Soleado,,1.0,1.0
2022-08-24,Wednesday,8,0,,Soleado,,1.0,1.0
2022-08-25,Thursday,8,0,,Nublado,,1.0,1.0
2022-08-26,Friday,8,0,,Lluvioso,,0.9589724812174347,1.0
2022-08-27,Saturday,8,0,,Soleado,,1.215559235694505,1.0
2022-08-28,Sunday,8,0,,Lluvioso,,1.1085986333402267,1.0
2022-08-29,Monday,8,0,,Soleado,,1.0,1.0
2022-08-30,Tuesday,8,1,Santa Rosa de Lima,Nublado,,1.2854879087559445,1.0
2022-08-31,Wednesday,8,0,,Lluvioso,,0.9475553276476772,1.0
2022-09-01,Thursday,9,0,,Nublado,,1.0,1.0
2022-09-02,Friday,9,0,,Nublado,,1.0,1.0
2022-09-03,Saturday,9,0,,Soleado,,1.2248885161047443,1.0
2022-09-04,Sunday,9,0,,Lluvioso,,1.145287439266284,1.0
2022-09-05,Monday,9,0,,Lluvioso,,0.9134816277213504,1.0
2022-09-06,Tuesday,9,0,,Lluvioso,,0.9498771664667797,1.0
2022-09-07,Wednesday,9,0,,Lluvioso,,0.9106723186227716,1.0
2022-09-08,Thursday,9,0,,Soleado,,1.0,1.0
2022-09-09,Friday,9,0,,Soleado,,1.0,1.0
2022-09-10,Saturday,9,0,,Nublado,,1.2409984523284634,1.0
2022-09-11,Sunday,9,0,,Soleado,,1.2315936577395916,1.0
2022-09-12,Monday,9,0,,Lluvioso,,0.9186094624637516,1.0
2022-09-13,Tuesday,9,0,,Soleado,,1.0,1.0
2022-09-14,Wednesday,9,0,,Nublado,,1.0,1.0
2022-09-15,Thursday,9,0,,Lluvioso,,0.9475783961012347,1.0
2022-09-16,Friday,9,0,,Lluvioso,,0.9479088586676214,1.0
2022-09-17,Saturday,9,0,,Nublado,,1.1334061029486713,1.0
2022-09-18,Sunday,9,0,,Nublado,,1.2373318778683438,1.0
2022-09-19,Monday,9,0,,Lluvioso,,0.9254727135203071,1.0
2022-09-20,Tuesday,9,0,,Soleado,,1.0,1.0
2022-09-21,Wednesday,9,0,,Soleado,,1.0,1.0
2022-09-22,Thursday,9,0,,Lluvioso,,0.9543811719496967,1.0
2022-09-23,Friday,9,0,,Lluvioso,,0.9088044640927551,1.0
2022-09-24,Saturday,9,0,,Lluvioso,,1.1313572945397201,1.0
2022-09-25,Sunday,9,0,,Soleado,,1.121408894692439,1.0
2022-09-26,Monday,9,0,,Soleado,,1.0,1.0
2022-09-27,Tuesday,9,0,,Lluvioso,,0.9614843778777337,1.0
2022-09-28,Wednesday,9,0,,Nublado,,1.0,1.0
2022-09-29,Thursday,9,0,,Lluvioso,,0.888215800910752,1.0
2022-09-30,Friday,9,0,,Lluvioso,,0.9087382273831374,1.0
2022-10-01,Saturday,10,0,,Soleado,,1.2435080557166047,1.0
2022-10-02,Sunday,10,0,,Lluvioso,,1.1585298323433486,1.0
2022-10-03,Monday,10,0,,Soleado,,1.0,1.0
2022-10-04,Tuesday,10,0,,Nublado,,1.0,1.0
2022-10-05,Wednesday,10,0,,Lluvioso,,0.936865349095282,1.0
2022-10-06,Thursday,10,0,,Nublado,,1.0,1.0
2022-10-07,Friday,10,0,,Lluvioso,,0.9203600969780488,1.0
2022-10-08,Saturday,10,1,Combate de Angamos,Nublado,,1.523773176173217,1.0
2022-10-09,Sunday,10,0,,Soleado,,1.207427399290015,1.0
2022-10-10,Monday,10,0,,Lluvioso,,0.9477137076493912,1.0
2022-10-11,Tuesday,10,0,,Lluvioso,,0.9512421139353263,1.0
2022-10-12,Wednesday,10,0,,Nublado,,1.0,1.0
2022-10-13,Thursday,10,0,,Soleado,,1.0,1.0
2022-10-14,Friday,10,0,,Nublado,,1.0,1.0
2022-10-15,Saturday,10,0,,Nublado,,1.222650358563292,1.0
2022-10-16,Sunday,10,0,,Soleado,,1.13185679339633,1.0
2022-10-17,Monday,10,0,,Nublado,,1.0,1.0
2022-10-18,Tuesday,10,0,,Nublado,,1.0,1.0
2022-10-19,Wednesday,10,0,,Lluvioso,,0.9244978274232323,1.0
2022-10-20,Thursday,10,0,,Nublado,,1.0,1.0
2022-10-21,Friday,10,0,,Lluvioso,,0.885180288401498,1.0
2022-10-22,Saturday,10,0,,Soleado,,1.1914387547020857,1.0
2022-10-23,Sunday,10,0,,Nublado,,1.177398965178539,1.0
2022-10-24,Monday,10,0,,Soleado,,1.0,1.0
2022-10-25,Tuesday,10,0,,Lluvioso,,0.9598933764482469,1.0
2022-10-26,Wednesday,10,0,,Lluvioso,,0.9115823511296871,1.0
2022-10-27,Thursday,10,0,,Lluvioso,,0.8905360314784845,1.0
2022-10-28,Friday,10,0,,Nublado,,1.0,1.0
2022-10-29,Saturday,10,0,,Lluvioso,,1.0799925294316914,1.0
2022-10-30,Sunday,10,0,,Lluvioso,,1.0672487478169406,1.0
2022-10-31,Monday,10,0,,Nublado,,1.0,1.0
2022-11-01,Tuesday,11,1,Día de Todos los Santos,Nublado,,1.2668213612229995,1.0
2022-11-02,Wednesday,11,0,,Nublado,,1.0,1.0
2022-11-03,Thursday,11,0,,Lluvioso,,0.9430872218313208,1.0
2022-11-04,Friday,11,0,,Lluvioso,,0.8865486705727774,1.0
2022-11-05,Saturday,11,0,,Nublado,,1.2268418077077463,1.0
2022-11-06,Sunday,11,0,,Nublado,,1.2118114895303445,1.0
2022-11-07,Monday,11,0,,Soleado,,1.0,1.0
2022-11-08,Tuesday,11,0,,Soleado,,1.0,1.0
2022-11-09,Wednesday,11,0,,Nublado,,1.0,1.0
2022-11-10,Thursday,11,0,,Nublado,,1.0,1.0
2022-11-11,Friday,11,0,,Soleado,,1.0,1.0
2022-11-12,Saturday,11,0,,Nublado,,1.130575341483447,1.0
2022-11-13,Sunday,11,0,,Lluvioso,,1.0957380436879172,1.0
2022-11-14,Monday,11,0,,Lluvioso,,0.9136843716180508,1.0
2022-11-15,Tuesday,11,0,,Lluvioso,,0.9133577932360202,1.0
2022-11-16,Wednesday,11,0,,Nublado,,1.0,1.0
2022-11-17,Thursday,11,0,,Nublado,,1.0,1.0
2022-11-18,Friday,11,0,,Soleado,,1.0,1.0
2022-11-19,Saturday,11,0,,Nublado,,1.2256639437434753,1.0
2022-11-20,Sunday,11,0,,Nublado,,1.2431423150599017,1.0
2022-11-21,Monday,11,0,,Soleado,,1.0,1.0
2022-11-22,Tuesday,11,0,,Nublado,,1.0,1.0
2022-11-23,Wednesday,11,0,,Soleado,,1.0,1.0
2022-11-24,Thursday,11,0,,Nublado,,1.0,1.0
2022-11-25,Friday,11,0,,Nublado,,1.0,1.0
2022-11-26,Saturday,11,0,,Nublado,,1.2481801382969733,1.0
2022-11-27,Sunday,11,0,,Nublado,,1.2179391640836625,1.0
2022-11-28,Monday,11,0,,Lluvioso,,0.9138633626977825,1.0
2022-11-29,Tuesday,11,0,,Lluvioso,,0.8875150645028802,1.0
2022-11-30,Wednesday,11,0,,Nublado,,1.0,1.0
2022-12-01,Thursday,12,0,,Lluvioso,,0.9499432224334693,1.0
2022-12-02,Friday,12,0,,Soleado,,1.0,1.0
2022-12-03,Saturday,12,0,,Lluvioso,,1.0950146069635724,1.0
2022-12-04,Sunday,12,0,,Soleado,,1.2378260700623156,1.0
2022-12-05,Monday,12,0,,Soleado,,1.0,1.0
2022-12-06,Tuesday,12,0,,Soleado,,1.0,1.0
2022-12-07,Wednesday,12,0,,Lluvioso,,0.8900077734075537,1.0
2022-12-08,Thursday,12,1,Inmaculada Concepción,Nublado,,1.3485250208581718,1.0
2022-12-09,Friday,12,0,,Nublado,,1.0,1.0
2022-12-10,Saturday,12,0,,Lluvioso,,1.0342021054498152,1.0
2022-12-11,Sunday,12,0,,Soleado,,1.127319425838639,1.0
2022-12-12,Monday,12,0,,Lluvioso,,0.8906936124641265,1.0
2022-12-13,Tuesday,12,0,,Nublado,,1.0,1.0
2022-12-14,Wednesday,12,0,,Lluvioso,,0.8905773622099394,1.0
2022-12-15,Thursday,12,0,,Lluvioso,,0.9384289271904457,1.0
2022-12-16,Friday,12,0,,Nublado,,1.0,1.0
2022-12-17,Saturday,12,0,,Nublado,,1.216985834304505,1.0
2022-12-18,Sunday,12,0,,Soleado,,1.1958379394626308,1.0
2022-12-19,Monday,12,0,,Soleado,,1.0,1.0
2022-12-20,Tuesday,12,0,,Nublado,,1.0,1.0
2022-12-21,Wednesday,12,0,,Soleado,,1.0,1.0
2022-12-22,Thursday,12,0,,Nublado,,1.0,1.0
2022-12-23,Friday,12,0,,Lluvioso,,0.9665955293627088,1.0
2022-12-24,Saturday,12,0,,Soleado,,1.1687331753380816,1.0
2022-12-25,Sunday,12,1,Navidad,Nublado,,1.6474468197307395,1.0
2022-12-26,Monday,12,0,,Lluvioso,,0.9001236254667507,1.0
2022-12-27,Tuesday,12,0,,Lluvioso,,0.966690028549655,1.0
2022-12-28,Wednesday,12,0,,Nublado,,1.0,1.0
2022-12-29,Thursday,12,0,,Nublado,,1.0,1.0
2022-12-30,Friday,12,0,,Lluvioso,,0.8810939027220834,1.0
2022-12-31,Saturday,12,0,,Lluvioso,,1.101394417551704,1.0
2023-01-01,Sunday,1,1,Año Nuevo,Nublado,,1.675242491857048,1.0
2023-01-02,Monday,1,0,,Nublado,,1.0,1.0
2023-01-03,Tuesday,1,0,,Lluvioso,,0.969366831650737,1.0
2023-01-04,Wednesday,1,0,,Lluvioso,,0.8866416908261859,1.0
2023-01-05,Thursday,1,0,,Nublado,,1.0,1.0
2023-01-06,Friday,1,0,,Nublado,,1.0,1.0
2023-01-07,Saturday,1,0,,Lluvioso,,1.1529477983640506,1.0
2023-01-08,Sunday,1,0,,Nublado,,1.1880027197421195,1.0
2023-01-09,Monday,1,0,,Nublado,,1.0,1.0
2023-01-10,Tuesday,1,0,,Nublado,,1.0,1.0
2023-01-11,Wednesday,1,0,,Nublado,,1.0,1.0
2023-01-12,Thursday,1,0,,Soleado,,1.0,1.0
2023-01-13,Friday,1,0,,Soleado,,1.0,1.0
2023-01-14,Saturday,1,0,,Lluvioso,,1.1328581403970999,1.0
2023-01-15,Sunday,1,0,,Soleado,,1.1790903384198106,1.0
2023-01-16,Monday,1,0,,Nublado,,1.0,1.0
2023-01-17,Tuesday,1,0,,Soleado,,1.0,1.0
2023-01-18,Wednesday,1,0,,Lluvioso,,0.9364802272075657,1.0
2023-01-19,Thursday,1,0,,Lluvioso,,0.932588288073079,1.0
2023-01-20,Friday,1,0,,Lluvioso,,0.961104220944189,1.0
2023-01-21,Saturday,1,0,,Soleado,,1.1259080294443897,1.0
2023-01-22,Sunday,1,0,,Soleado,,1.15652521464699,1.0
2023-01-23,Monday,1,0,,Soleado,,1.0,1.0
2023-01-24,Tuesday,1,0,,Lluvioso,,0.9655370335668902,1.0
2023-01-25,Wednesday,1,0,,Nublado,,1.0,1.0
2023-01-26,Thursday,1,0,,Nublado,,1.0,1.0
2023-01-27,Friday,1,0,,Lluvioso,,0.9601237405501825,1.0
2023-01-28,Saturday,1,0,,Lluvioso,,1.103542539365067,1.0
2023-01-29,Sunday,1,0,,Lluvioso,,1.036905541090184,1.0
2023-01-30,Monday,1,0,,Lluvioso,,0.9217328564445983,1.0
2023-01-31,Tuesday,1,0,,Nublado,,1.0,1.0
2023-02-01,Wednesday,2,0,,Soleado,,1.0,1.0
2023-02-02,Thursday,2,0,,Soleado,,1.0,1.0
2023-02-03,Friday,2,0,,Nublado,,1.0,1.0
2023-02-04,Saturday,2,0,,Soleado,,1.1659357896433868,1.0
2023-02-05,Sunday,2,0,,Nublado,,1.1958752945406135,1.0
2023-02-06,Monday,2,0,,Soleado,,1.0,1.0
2023-02-07,Tuesday,2,0,,Nublado,,1.0,1.0
2023-02-08,Wednesday,2,0,,Soleado,,1.0,1.0
2023-02-09,Thursday,2,0,,Lluvioso,,0.8869961173268487,1.0
2023-02-10,Friday,2,0,,Lluvioso,,0.967695532689955,1.0
2023-02-11,Saturday,2,0,,Soleado,,1.2482073967823484,1.0
2023-02-12,Sunday,2,0,,Nublado,,1.210761022822567,1.0
2023-02-13,Monday,2,0,,Soleado,,1.0,1.0
2023-02-14,Tuesday,2,0,,Soleado,,1.0,1.0
2023-02-15,Wednesday,2,0,,Lluvioso,,0.9282486729709708,1.0
2023-02-16,Thursday,2,0,,Nublado,,1.0,1.0
2023-02-17,Friday,2,0,,Lluvioso,,0.9078574854657695,1.0
2023-02-18,Saturday,2,0,,Soleado,,1.2257933525619034,1.0
2023-02-19,Sunday,2,0,,Lluvioso,,1.0816278156105195,1.0
2023-02-20,Monday,2,0,,Nublado,,1.0,1.0
2023-02-21,Tuesday,2,0,,Soleado,,1.0,1.0
2023-02-22,Wednesday,2,0,,Soleado,,1.0,1.0
2023-02-23,Thursday,2,0,,Lluvioso,,0.9619834466044458,1.0
2023-02-24,Friday,2,0,,Nublado,,1.0,1.0
2023-02-25,Saturday,2,0,,Nublado,,1.226929841580012,1.0
2023-02-26,Sunday,2,0,,Nublado,,1.2434739887279502,1.0
2023-02-27,Monday,2,0,,Nublado,,1.0,1.0
2023-02-28,Tuesday,2,0,,Nublado,,1.0,1.0
2023-03-01,Wednesday,3,0,,Soleado,,1.0,1.0
2023-03-02,Thursday,3,0,,Soleado,,1.0,1.0
2023-03-03,Friday,3,0,,Nublado,,1.0,1.0
2023-03-04,Saturday,3,0,,Nublado,,1.2143435360904868,1.0
2023-03-05,Sunday,3,0,,Soleado,,1.1997439754716528,1.0
2023-03-06,Monday,3,0,,Soleado,,1.0,1.0
2023-03-07,Tuesday,3,0,,Nublado,,1.0,1.0
2023-03-08,Wednesday,3,0,,Nublado,,1.0,1.0
2023-03-09,Thursday,3,0,,Soleado,,1.0,1.0
2023-03-10,Friday,3,0,,Lluvioso,,0.9176418732661556,1.0
2023-03-11,Saturday,3,0,,Lluvioso,,1.1890546673175943,1.0
2023-03-12,Sunday,3,0,,Lluvioso,,0.9934447565598725,1.0
2023-03-13,Monday,3,0,,Soleado,,1.0,1.0
2023-03-14,Tuesday,3,0,,Soleado,,1.0,1.0
2023-03-15,Wednesday,3,0,,Soleado,,1.0,1.0
2023-03-16,Thursday,3,0,,Lluvioso,,0.9138817030190245,1.0
2023-03-17,Friday,3,0,,Nublado,,1.0,1.0
2023-03-18,Saturday,3,0,,Soleado,,1.2253719330016384,1.0
2023-03-19,Sunday,3,0,,Soleado,,1.2483458968109429,1.0
2023-03-20,Monday,3,0,,Soleado,,1.0,1.0
2023-03-21,Tuesday,3,0,,Lluvioso,,0.8935375201993175,1.0
2023-03-22,Wednesday,3,0,,Nublado,,1.0,1.0
2023-03-23,Thursday,3,0,,Lluvioso,,0.9334717643816921,1.0
2023-03-24,Friday,3,0,,Lluvioso,,0.9142801770967919,1.0
2023-03-25,Saturday,3,0,,Lluvioso,,1.191000158800261,1.0
2023-03-26,Sunday,3,0,,Soleado,,1.228982731612448,1.0
2023-03-27,Monday,3,0,,Lluvioso,,0.9221823843815473,1.0
2023-03-28,Tuesday,3,0,,Nublado,,1.0,1.0
2023-03-29,Wednesday,3,1,Viernes Santo,Nublado,,1.332963900467533,1.0
2023-03-30,Thursday,3,1,Sábado Santo,Nublado,,1.3046814143861412,1.0
2023-03-31,Friday,3,0,,Nublado,,1.0,1.0
2023-04-01,Saturday,4,0,,Lluvioso,,1.079783737438466,1.0
2023-04-02,Sunday,4,0,,Nublado,,1.2256771311869101,1.0
2023-04-03,Monday,4,0,,Nublado,,1.0,1.0
2023-04-04,Tuesday,4,0,,Lluvioso,,0.9699745905957518,1.0
2023-04-05,Wednesday,4,0,,Lluvioso,,0.9696973153366515,1.0
2023-04-06,Thursday,4,0,,Soleado,,1.0,1.0
2023-04-07,Friday,4,0,,Lluvioso,,0.9299888535042364,1.0
2023-04-08,Saturday,4,0,,Lluvioso,,1.1773047474607081,1.0
2023-04-09,Sunday,4,0,,Soleado,,1.2304541607880635,1.0
2023-04-10,Monday,4,0,,Soleado,,1.0,1.0
2023-04-11,Tuesday,4,0,,Lluvioso,,0.9022613291568878,1.0
2023-04-12,Wednesday,4,0,,Soleado,,1.0,1.0
2023-04-13,Thursday,4,0,,Nublado,,1.0,1.0
2023-04-14,Friday,4,0,,Lluvioso,,0.9205489721779084,1.0
2023-04-15,Saturday,4,0,,Soleado,,1.1367907239696944,1.0
2023-04-16,Sunday,4,0,,Soleado,,1.2440266335436339,1.0
2023-04-17,Monday,4,0,,Soleado,,1.0,1.0
2023-04-18,Tuesday,4,0,,Soleado,,1.0,1.0
2023-04-19,Wednesday,4,0,,Lluvioso,,0.9345557171005792,1.0
2023-04-20,Thursday,4,0,,Soleado,,1.0,1.0
2023-04-21,Friday,4,0,,Soleado,,1.0,1.0
2023-04-22,Saturday,4,0,,Soleado,,1.1497235647154502,1.0
2023-04-23,Sunday,4,0,,Nublado,,1.2073210889727615,1.0
2023-04-24,Monday,4,0,,Nublado,,1.0,1.0
2023-04-25,Tuesday,4,0,,Lluvioso,,0.9356315416412107,1.0
2023-04-26,Wednesday,4,0,,Lluvioso,,0.9122346446229557,1.0
2023-04-27,Thursday,4,0,,Nublado,,1.0,1.0
2023-04-28,Friday,4,0,,Nublado,,1.0,1.0
2023-04-29,Saturday,4,0,,Soleado,,1.1347624869859518,1.0
2023-04-30,Sunday,4,0,,Soleado,,1.207304515427064,1.0
2023-05-01,Monday,5,1,Día del Trabajador,Nublado,,1.3540615401807585,1.0
2023-05-02,Tuesday,5,0,,Lluvioso,,0.9495086552562075,1.0
2023-05-03,Wednesday,5,0,,Soleado,,1.0,1.0
2023-05-04,Thursday,5,0,,Nublado,,1.0,1.0
2023-05-05,Friday,5,0,,Lluvioso,,0.9268147151000794,1.0
2023-05-06,Saturday,5,0,,Soleado,,1.2307835950414103,1.0
2023-05-07,Sunday,5,0,,Lluvioso,,1.1089028402672065,1.0
2023-05-08,Monday,5,0,,Soleado,,1.0,1.0
2023-05-09,Tuesday,5,0,,Soleado,,1.0,1.0
2023-05-10,Wednesday,5,0,,Soleado,,1.0,1.0
2023-05-11,Thursday,5,0,,Lluvioso,,0.958898824239251,1.0
2023-05-12,Friday,5,0,,Lluvioso,,0.9163134579591157,1.0
2023-05-13,Saturday,5,0,,Nublado,,1.1374219796985834,1.0
2023-05-14,Sunday,5,0,,Lluvioso,,1.0652648715352124,1.0
2023-05-15,Monday,5,0,,Nublado,,1.0,1.0
2023-05-16,Tuesday,5,0,,Lluvioso,,0.9358278596218118,1.0
2023-05-17,Wednesday,5,0,,Nublado,,1.0,1.0
2023-05-18,Thursday,5,0,,Soleado,,1.0,1.0
2023-05-19,Friday,5,0,,Lluvioso,,0.9433671791289301,1.0
2023-05-20,Saturday,5,0,Día del Padre,Nublado,,1.5963286733830993,1.0
2023-05-21,Sunday,5,0,,Lluvioso,,1.0226627960724237,1.0
2023-05-22,Monday,5,0,,Lluvioso,,0.933092591816917,1.0
2023-05-23,Tuesday,5,0,,Soleado,,1.0,1.0
2023-05-24,Wednesday,5,0,,Lluvioso,,0.9153019640589759,1.0
2023-05-25,Thursday,5,0,,Lluvioso,,0.9193727429821356,1.0
2023-05-26,Friday,5,0,,Soleado,,1.0,1.0
2023-05-27,Saturday,5,0,,Lluvioso,,1.1278239807644785,1.0
2023-05-28,Sunday,5,0,,Nublado,,1.1868186335907756,1.0
2023-05-29,Monday,5,0,,Lluvioso,,0.9505287711467029,1.0
2023-05-30,Tuesday,5,0,,Nublado,,1.0,1.0
2023-05-31,Wednesday,5,0,,Nublado,,1.0,1.0
2023-06-01,Thursday,6,0,,Nublado,,1.0,1.0
2023-06-02,Friday,6,0,,Soleado,,1.0,1.0
2023-06-03,Saturday,6,0,,Nublado,,1.1715505617017652,1.0
2023-06-04,Sunday,6,0,,Nublado,,1.2008712710296237,1.0
2023-06-05,Monday,6,0,,Nublado,,1.0,1.0
2023-06-06,Tuesday,6,0,,Lluvioso,,0.957612733787207,1.0
2023-06-07,Wednesday,6,0,,Soleado,,1.0,1.0
2023-06-08,Thursday,6,0,,Nublado,,1.0,1.0
2023-06-09,Friday,6,0,,Nublado,,1.0,1.0
2023-06-10,Saturday,6,0,,Soleado,,1.2434376810754935,1.0
2023-06-11,Sunday,6,0,,Lluvioso,,1.0974196735033546,1.0
2023-06-12,Monday,6,0,,Soleado,,1.0,1.0
2023-06-13,Tuesday,6,0,,Nublado,,1.0,1.0
2023-06-14,Wednesday,6,0,,Nublado,,1.0,1.0
2023-06-15,Thursday,6,0,,Soleado,,1.0,1.0
2023-06-16,Friday,6,0,,Lluvioso,,0.9242904663771584,1.0
2023-06-17,Saturday,6,0,,Nublado,,1.1535717704788646,1.0
2023-06-18,Sunday,6,0,,Lluvioso,,1.1421770396742577,1.0
2023-06-19,Monday,6,0,,Soleado,,1.0,1.0
2023-06-20,Tuesday,6,0,,Lluvioso,,0.9243356284593582,1.0
2023-06-21,Wednesday,6,0,,Lluvioso,,0.9095876449258757,1.0
2023-06-22,Thursday,6,0,Día del Ceviche,Lluvioso,,1.19615222910949,1.0
2023-06-23,Friday,6,0,,Soleado,,1.0,1.0
2023-06-24,Saturday,6,0,,Soleado,,1.1298622326541263,1.0
2023-06-25,Sunday,6,0,,Soleado,,1.1367543638483846,1.0
2023-06-26,Monday,6,0,,Soleado,,1.0,1.0
2023-06-27,Tuesday,6,0,,Lluvioso,,0.8915241255061995,1.0
2023-06-28,Wednesday,6,0,,Lluvioso,,0.8936712424161065,1.0
2023-06-29,Thursday,6,1,San Pedro y San Pablo,Nublado,,1.2777654345298821,1.0
2023-06-30,Friday,6,0,,Soleado,,1.0,1.0
2023-07-01,Saturday,7,0,,Soleado,,1.203313716824418,1.0
2023-07-02,Sunday,7,0,,Nublado,,1.1436444109718888,1.0
2023-07-03,Monday,7,0,,Soleado,,1.0,1.0
2023-07-04,Tuesday,7,0,,Lluvioso,,0.9111100554991477,1.0
2023-07-05,Wednesday,7,0,,Lluvioso,,0.9607109568915411,1.0
2023-07-06,Thursday,7,0,,Lluvioso,,0.9226565476236585,1.0
2023-07-07,Friday,7,0,,Soleado,,1.0,1.0
2023-07-08,Saturday,7,0,,Soleado,,1.2067825060077335,1.0
2023-07-09,Sunday,7,0,,Nublado,,1.142401583256212,1.0
2023-07-10,Monday,7,0,,Nublado,,1.0,1.0
2023-07-11,Tuesday,7,0,,Nublado,,1.0,1.0
2023-07-12,Wednesday,7,0,,Lluvioso,,0.8973060116927803,1.0
2023-07-13,Thursday,7,0,,Nublado,,1.0,1.0
2023-07-14,Friday,7,0,,Soleado,,1.0,1.0
2023-07-15,Saturday,7,0,,Nublado,,1.1253129201146423,1.0
2023-07-16,Sunday,7,0,,Lluvioso,,1.0335587224048763,1.0
2023-07-17,Monday,7,0,,Nublado,,1.0,1.0
2023-07-18,Tuesday,7,0,,Lluvioso,,0.8959309435849072,1.0
2023-07-19,Wednesday,7,0,,Lluvioso,,0.887983228038135,1.0
2023-07-20,Thursday,7,0,,Lluvioso,,0.8908572283990541,1.0
2023-07-21,Friday,7,0,,Nublado,,1.0,1.0
2023-07-22,Saturday,7,0,,Soleado,,1.1799012398442543,1.0
2023-07-23,Sunday,7,0,,Nublado,,1.146823383392753,1.0
2023-07-24,Monday,7,0,,Lluvioso,,0.9127842874943268,1.0
2023-07-25,Tuesday,7,0,,Nublado,,1.0,1.0
2023-07-26,Wednesday,7,0,,Nublado,,1.0,1.0
2023-07-27,Thursday,7,0,,Nublado,,1.0,1.0
2023-07-28,Friday,7,1,Fiestas Patrias 1,Lluvioso,,1.2725268781391947,1.0
2023-07-29,Saturday,7,1,Fiestas Patrias 2,Lluvioso,,1.4855623956954784,1.0
2023-07-30,Sunday,7,0,,Nublado,,1.1306286741533536,1.0
2023-07-31,Monday,7,0,,Nublado,,1.0,1.0
2023-08-01,Tuesday,8,0,,Nublado,,1.0,1.0
2023-08-02,Wednesday,8,0,,Soleado,,1.0,1.0
2023-08-03,Thursday,8,0,,Lluvioso,,0.9586220761696099,1.0
2023-08-04,Friday,8,0,,Soleado,,1.0,1.0
2023-08-05,Saturday,8,0,,Lluvioso,,1.0977625275620901,1.0
2023-08-06,Sunday,8,0,,Nublado,,1.1559940942591365,1.0
2023-08-07,Monday,8,0,,Soleado,,1.0,1.0
2023-08-08,Tuesday,8,0,,Nublado,,1.0,1.0
2023-08-09,Wednesday,8,0,,Soleado,,1.0,1.0
2023-08-10,Thursday,8,0,,Nublado,,1.0,1.0
2023-08-11,Friday,8,0,,Lluvioso,,0.9525581151813755,1.0
2023-08-12,Saturday,8,0,,Nublado,,1.2172737597498755,1.0
2023-08-13,Sunday,8,0,,Lluvioso,,1.0282635798080708,1.0
2023-08-14,Monday,8,0,,Nublado,,1.0,1.0
2023-08-15,Tuesday,8,0,,Nublado,,1.0,1.0
2023-08-16,Wednesday,8,0,,Lluvioso,,0.9133424892512244,1.0
2023-08-17,Thursday,8,0,,Lluvioso,,0.9236070686671919,1.0
2023-08-18,Friday,8,0,,Soleado,,1.0,1.0
2023-08-19,Saturday,8,0,,Nublado,,1.2003731202989385,1.0
2023-08-20,Sunday,8,0,,Soleado,,1.1679587731440706,1.0
2023-08-21,Monday,8,0,,Soleado,,1.0,1.0
2023-08-22,Tuesday,8,0,,Lluvioso,,0.9216281244519833,1.0
2023-08-23,Wednesday,8,0,,Lluvioso,,0.9472723844320381,1.0
2023-08-24,Thursday,8,0,,Nublado,,1.0,1.0
2023-08-25,Friday,8,0,,Soleado,,1.0,1.0
2023-08-26,Saturday,8,0,,Nublado,,1.1247688163757779,1.0
2023-08-27,Sunday,8,0,,Soleado,,1.1528168027647228,1.0
2023-08-28,Monday,8,0,,Lluvioso,,0.9442014627296097,1.0
2023-08-29,Tuesday,8,0,,Nublado,,1.0,1.0
2023-08-30,Wednesday,8,1,Santa Rosa de Lima,Soleado,,1.4290413675374398,1.0
2023-08-31,Thursday,8,0,,Lluvioso,,0.9260509697904099,1.0
2023-09-01,Friday,9,0,,Soleado,,1.0,1.0
2023-09-02,Saturday,9,0,,Nublado,,1.1891747530844912,1.0
2023-09-03,Sunday,9,0,,Lluvioso,,1.0435206606471086,1.0
2023-09-04,Monday,9,0,,Soleado,,1.0,1.0
2023-09-05,Tuesday,9,0,,Soleado,,1.0,1.0
2023-09-06,Wednesday,9,0,,Nublado,,1.0,1.0
2023-09-07,Thursday,9,0,,Nublado,,1.0,1.0
2023-09-08,Friday,9,0,,Nublado,,1.0,1.0
2023-09-09,Saturday,9,0,,Lluvioso,,1.0724834265778858,1.0
2023-09-10,Sunday,9,0,,Lluvioso,,1.055620169384161,1.0
2023-09-11,Monday,9,0,,Nublado,,1.0,1.0
2023-09-12,Tuesday,9,0,,Lluvioso,,0.8818064077999954,1.0
2023-09-13,Wednesday,9,0,,Soleado,,1.0,1.0
2023-09-14,Thursday,9,0,,Nublado,,1.0,1.0
2023-09-15,Friday,9,0,,Lluvioso,,0.908987124902486,1.0
2023-09-16,Saturday,9,0,,Lluvioso,,1.04361159445019,1.0
2023-09-17,Sunday,9,0,,Nublado,,1.1355690771365028,1.0
2023-09-18,Monday,9,0,,Nublado,,1.0,1.0
2023-09-19,Tuesday,9,0,,Lluvioso,,0.9601474552665905,1.0
2023-09-20,Wednesday,9,0,,Lluvioso,,0.9334233208198643,1.0
2023-09-21,Thursday,9,0,,Nublado,,1.0,1.0
2023-09-22,Friday,9,0,,Lluvioso,,0.941119208723004,1.0
2023-09-23,Saturday,9,0,,Soleado,,1.222592261018954,1.0
2023-09-24,Sunday,9,0,,Lluvioso,,1.0518902520491489,1.0
2023-09-25,Monday,9,0,,Soleado,,1.0,1.0
2023-09-26,Tuesday,9,0,,Soleado,,1.0,1.0
2023-09-27,Wednesday,9,0,,Lluvioso,,0.9283395887636693,1.0
2023-09-28,Thursday,9,0,,Lluvioso,,0.9328157006218791,1.0
2023-09-29,Friday,9,0,,Nublado,,1.0,1.0
2023-09-30,Saturday,9,0,,Soleado,,1.216907131643963,1.0
2023-10-01,Sunday,10,0,,Lluvioso,,1.0484862803011354,1.0
2023-10-02,Monday,10,0,,Soleado,,1.0,1.0
2023-10-03,Tuesday,10,0,,Nublado,,1.0,1.0
2023-10-04,Wednesday,10,0,,Soleado,,1.0,1.0
2023-10-05,Thursday,10,0,,Lluvioso,,0.9055398315218852,1.0
2023-10-06,Friday,10,0,,Lluvioso,,0.9126774066758772,1.0
2023-10-07,Saturday,10,0,,Soleado,,1.2039692413731082,1.0
2023-10-08,Sunday,10,1,Combate de Angamos,Nublado,,1.5778017005329752,1.0
2023-10-09,Monday,10,0,,Soleado,,1.0,1.0
2023-10-10,Tuesday,10,0,,Lluvioso,,0.9687863723913681,1.0
2023-10-11,Wednesday,10,0,,Nublado,,1.0,1.0
2023-10-12,Thursday,10,0,,Soleado,,1.0,1.0
2023-10-13,Friday,10,0,,Soleado,,1.0,1.0
2023-10-14,Saturday,10,0,,Nublado,,1.1987507265163955,1.0
2023-10-15,Sunday,10,0,,Soleado,,1.1508394829256794,1.0
2023-10-16,Monday,10,0,,Nublado,,1.0,1.0
2023-10-17,Tuesday,10,0,,Nublado,,1.0,1.0
2023-10-18,Wednesday,10,0,,Nublado,,1.0,1.0
2023-10-19,Thursday,10,0,,Nublado,,1.0,1.0
2023-10-20,Friday,10,0,,Soleado,,1.0,1.0
2023-10-21,Saturday,10,0,,Soleado,,1.1332317214406527,1.0
2023-10-22,Sunday,10,0,,Lluvioso,,1.0283195081174943,1.0
2023-10-23,Monday,10,0,,Nublado,,1.0,1.0
2023-10-24,Tuesday,10,0,,Lluvioso,,0.8944613235933601,1.0
2023-10-25,Wednesday,10,0,,Lluvioso,,0.8967910321646175,1.0
2023-10-26,Thursday,10,0,,Soleado,,1.0,1.0
2023-10-27,Friday,10,0,,Soleado,,1.0,1.0
2023-10-28,Saturday,10,0,,Soleado,,1.1570623719302002,1.0
2023-10-29,Sunday,10,0,,Soleado,,1.1425385673883182,1.0
2023-10-30,Monday,10,0,,Lluvioso,,0.9607088882163782,1.0
2023-10-31,Tuesday,10,0,,Nublado,,1.0,1.0
2023-11-01,Wednesday,11,1,Día de Todos los Santos,Lluvioso,,1.173886173804796,1.0
2023-11-02,Thursday,11,0,,Lluvioso,,0.9169357144290695,1.0
2023-11-03,Friday,11,0,,Soleado,,1.0,1.0
2023-11-04,Saturday,11,0,,Nublado,,1.2477092201981188,1.0
2023-11-05,Sunday,11,0,,Lluvioso,,1.0390426258549363,1.0
2023-11-06,Monday,11,0,,Soleado,,1.0,1.0
2023-11-07,Tuesday,11,0,,Soleado,,1.0,1.0
2023-11-08,Wednesday,11,0,,Nublado,,1.0,1.0
2023-11-09,Thursday,11,0,,Lluvioso,,0.9672523389947831,1.0
2023-11-10,Friday,11,0,,Nublado,,1.0,1.0
2023-11-11,Saturday,11,0,,Nublado,,1.2325159263662175,1.0
2023-11-12,Sunday,11,0,,Nublado,,1.2262193692234065,1.0
2023-11-13,Monday,11,0,,Lluvioso,,0.9032112544340446,1.0
2023-11-14,Tuesday,11,0,,Soleado,,1.0,1.0
2023-11-15,Wednesday,11,0,,Nublado,,1.0,1.0
2023-11-16,Thursday,11,0,,Nublado,,1.0,1.0
2023-11-17,Friday,11,0,,Lluvioso,,0.895379882865106,1.0
2023-11-18,Saturday,11,0,,Lluvioso,,1.163044509223937,1.0
2023-11-19,Sunday,11,0,,Soleado,,1.192379176091811,1.0
2023-11-20,Monday,11,0,,Soleado,,1.0,1.0
2023-11-21,Tuesday,11,0,,Nublado,,1.0,1.0
2023-11-22,Wednesday,11,0,,Nublado,,1.0,1.0
2023-11-23,Thursday,11,0,,Lluvioso,,0.931445142052291,1.0
2023-11-24,Friday,11,0,,Nublado,,1.0,1.0
2023-11-25,Saturday,11,0,,Lluvioso,,1.0977151666084368,1.0
2023-11-26,Sunday,11,0,,Nublado,,1.1443156873124782,1.0
2023-11-27,Monday,11,0,,Lluvioso,,0.9091311312763819,1.0
2023-11-28,Tuesday,11,0,,Nublado,,1.0,1.0
2023-11-29,Wednesday,11,0,,Nublado,,1.0,1.0
2023-11-30,Thursday,11,0,,Nublado,,1.0,1.0
2023-12-01,Friday,12,0,,Soleado,,1.0,1.0
2023-12-02,Saturday,12,0,,Nublado,,1.1753067370201342,1.0
2023-12-03,Sunday,12,0,,Nublado,,1.1859893492289793,1.0
2023-12-04,Monday,12,0,,Soleado,,1.0,1.0
2023-12-05,Tuesday,12,0,,Soleado,,1.0,1.0
2023-12-06,Wednesday,12,0,,Nublado,,1.0,1.0
2023-12-07,Thursday,12,0,,Lluvioso,,0.9018168759173573,1.0
2023-12-08,Friday,12,1,Inmaculada Concepción,Nublado,,1.2729673649478408,1.0
2023-12-09,Saturday,12,0,,Lluvioso,,1.0866109427497739,1.0
2023-12-10,Sunday,12,0,,Nublado,,1.1955609687849396,1.0
2023-12-11,Monday,12,0,,Lluvioso,,0.8938926443746782,1.0
2023-12-12,Tuesday,12,0,,Nublado,,1.0,1.0
2023-12-13,Wednesday,12,0,,Soleado,,1.0,1.0
2023-12-14,Thursday,12,0,,Lluvioso,,0.9233026091669335,1.0
2023-12-15,Friday,12,0,,Nublado,,1.0,1.0
2023-12-16,Saturday,12,0,,Nublado,,1.1892366262317062,1.0
2023-12-17,Sunday,12,0,,Soleado,,1.1267370597869155,1.0
2023-12-18,Monday,12,0,,Lluvioso,,0.9102943850374529,1.0
2023-12-19,Tuesday,12,0,,Lluvioso,,0.8920973209245077,1.0
2023-12-20,Wednesday,12,0,,Lluvioso,,0.8857037473425491,1.0
2023-12-21,Thursday,12,0,,Soleado,,1.0,1.0
2023-12-22,Friday,12,0,,Lluvioso,,0.9690964209150951,1.0
2023-12-23,Saturday,12,0,,Lluvioso,,1.1071670978636012,1.0
2023-12-24,Sunday,12,0,,Nublado,,1.1531032851192893,1.0
2023-12-25,Monday,12,1,Navidad,Nublado,,1.3863005444447858,1.0
2023-12-26,Tuesday,12,0,,Soleado,,1.0,1.0
2023-12-27,Wednesday,12,0,,Lluvioso,,0.9484205073900718,1.0
2023-12-28,Thursday,12,0,,Nublado,,1.0,1.0
2023-12-29,Friday,12,0,,Soleado,,1.0,1.0
2023-12-30,Saturday,12,0,,Lluvioso,,1.1045623535818627,1.0
2023-12-31,Sunday,12,0,,Soleado,,1.173539318839145,1.0
2024-01-01,Monday,1,1,Año Nuevo,Lluvioso,,1.2718099416220363,1.0
2024-01-02,Tuesday,1,0,,Nublado,,1.0,1.0
2024-01-03,Wednesday,1,0,,Lluvioso,,0.9547557467008956,1.0
2024-01-04,Thursday,1,0,,Lluvioso,,0.9668524219599861,1.0
2024-01-05,Friday,1,0,,Lluvioso,,0.8911867501136991,1.0
2024-01-06,Saturday,1,0,,Lluvioso,,1.1718198467013887,1.0
2024-01-07,Sunday,1,0,,Soleado,,1.1435602986015359,1.0
2024-01-08,Monday,1,0,,Lluvioso,,0.88598466406301,1.0
2024-01-09,Tuesday,1,0,,Soleado,,1.0,1.0
2024-01-10,Wednesday,1,0,,Lluvioso,,0.9467008584361053,1.0
2024-01-11,Thursday,1,0,,Lluvioso,,0.931702580186192,1.0
2024-01-12,Friday,1,0,,Soleado,,1.0,1.0
2024-01-13,Saturday,1,0,,Nublado,,1.2294377409785753,1.0
2024-01-14,Sunday,1,0,,Nublado,,1.1381704089614177,1.0
2024-01-15,Monday,1,0,,Soleado,,1.0,1.0
2024-01-16,Tuesday,1,0,,Lluvioso,,0.9515740580673901,1.0
2024-01-17,Wednesday,1,0,,Nublado,,1.0,1.0
2024-01-18,Thursday,1,0,,Lluvioso,,0.898146458804297,1.0
2024-01-19,Friday,1,0,,Soleado,,1.0,1.0
2024-01-20,Saturday,1,0,,Soleado,,1.1412752725725417,1.0
2024-01-21,Sunday,1,0,,Nublado,,1.1413545537310292,1.0
2024-01-22,Monday,1,0,,Nublado,,1.0,1.0
2024-01-23,Tuesday,1,0,,Lluvioso,,0.9533117248208244,1.0
2024-01-24,Wednesday,1,0,,Nublado,,1.0,1.0
2024-01-25,Thursday,1,0,,Soleado,,1.0,1.0
2024-01-26,Friday,1,0,,Soleado,,1.0,1.0
2024-01-27,Saturday,1,0,,Soleado,,1.206475638690506,1.0
2024-01-28,Sunday,1,0,,Lluvioso,,1.0838047916825349,1.0
2024-01-29,Monday,1,0,,Nublado,,1.0,1.0
2024-01-30,Tuesday,1,0,,Lluvioso,,0.9589480486731797,1.0
2024-01-31,Wednesday,1,0,,Lluvioso,,0.9153200596680372,1.0
2024-02-01,Thursday,2,0,,Nublado,,1.0,1.0
2024-02-02,Friday,2,0,,Soleado,,1.0,1.0
2024-02-03,Saturday,2,0,,Nublado,,1.226157927131305,1.0
2024-02-04,Sunday,2,0,,Nublado,,1.1770875381141284,1.0
2024-02-05,Monday,2,0,,Nublado,,1.0,1.0
2024-02-06,Tuesday,2,0,,Lluvioso,,0.9139249986482417,1.0
2024-02-07,Wednesday,2,0,,Nublado,,1.0,1.0
2024-02-08,Thursday,2,0,,Soleado,,1.0,1.0
2024-02-09,Friday,2,0,,Nublado,,1.0,1.0
2024-02-10,Saturday,2,0,,Soleado,,1.180148372137049,1.0
2024-02-11,Sunday,2,0,,Soleado,,1.1591791236413385,1.0
2024-02-12,Monday,2,0,,Soleado,,1.0,1.0
2024-02-13,Tuesday,2,0,,Lluvioso,,0.9472848442158626,1.0
2024-02-14,Wednesday,2,0,,Lluvioso,,0.9252448351083231,1.0
2024-02-15,Thursday,2,0,,Lluvioso,,0.9008991425632136,1.0
2024-02-16,Friday,2,0,,Nublado,,1.0,1.0
2024-02-17,Saturday,2,0,,Lluvioso,,1.131248030042343,1.0
2024-02-18,Sunday,2,0,,Nublado,,1.1906618719448185,1.0
2024-02-19,Monday,2,0,,Soleado,,1.0,1.0
2024-02-20,Tuesday,2,0,,Nublado,,1.0,1.0
2024-02-21,Wednesday,2,0,,Soleado,,1.0,1.0
2024-02-22,Thursday,2,0,,Nublado,,1.0,1.0
2024-02-23,Friday,2,0,,Lluvioso,,0.9615824899868092,1.0
2024-02-24,Saturday,2,0,,Soleado,,1.201150939468819,1.0
2024-02-25,Sunday,2,0,,Nublado,,1.1351967452920875,1.0
2024-02-26,Monday,2,0,,Nublado,,1.0,1.0
2024-02-27,Tuesday,2,0,,Lluvioso,,0.9645848911252127,1.0
2024-02-28,Wednesday,2,0,,Lluvioso,,0.9364937247764276,1.0
2024-02-29,Thursday,2,0,,Lluvioso,,0.9101415053191377,1.0
2024-03-01,Friday,3,0,,Nublado,,1.0,1.0
2024-03-02,Saturday,3,0,,Lluvioso,,1.0828643149372597,1.0
2024-03-03,Sunday,3,0,,Nublado,,1.2006094582707068,1.0
2024-03-04,Monday,3,0,,Lluvioso,,0.9280114982778689,1.0
2024-03-05,Tuesday,3,0,,Nublado,,1.0,1.0
2024-03-06,Wednesday,3,0,,Soleado,,1.0,1.0
2024-03-07,Thursday,3,0,,Lluvioso,,0.9604503324745861,1.0
2024-03-08,Friday,3,0,,Soleado,,1.0,1.0
2024-03-09,Saturday,3,0,,Nublado,,1.222517637459189,1.0
2024-03-10,Sunday,3,0,,Soleado,,1.1397177343652578,1.0
2024-03-11,Monday,3,0,,Lluvioso,,0.9080549861015993,1.0
2024-03-12,Tuesday,3,0,,Lluvioso,,0.902364022583302,1.0
2024-03-13,Wednesday,3,0,,Nublado,,1.0,1.0
2024-03-14,Thursday,3,0,,Lluvioso,,0.9469551663315409,1.0
2024-03-15,Friday,3,0,,Soleado,,1.0,1.0
2024-03-16,Saturday,3,0,,Lluvioso,,1.0471045752961772,1.0
2024-03-17,Sunday,3,0,,Soleado,,1.2191196291462898,1.0
2024-03-18,Monday,3,0,,Lluvioso,,0.9589089073085575,1.0
2024-03-19,Tuesday,3,0,,Nublado,,1.0,1.0
2024-03-20,Wednesday,3,0,,Lluvioso,,0.9107873573844316,1.0
2024-03-21,Thursday,3,0,,Nublado,,1.0,1.0
2024-03-22,Friday,3,0,,Lluvioso,,0.9539131574204811,1.0
2024-03-23,Saturday,3,0,,Nublado,,1.134382125804177,1.0
2024-03-24,Sunday,3,0,,Soleado,,1.2300387979254874,1.0
2024-03-25,Monday,3,0,,Soleado,,1.0,1.0
2024-03-26,Tuesday,3,0,,Soleado,,1.0,1.0
2024-03-27,Wednesday,3,0,,Soleado,,1.0,1.0
2024-03-28,Thursday,3,0,,Nublado,,1.0,1.0
2024-03-29,Friday,3,1,Viernes Santo,Nublado,,1.2754977324663965,1.0
2024-03-30,Saturday,3,1,Sábado Santo,Soleado,,1.651388984857499,1.0
2024-03-31,Sunday,3,0,,Soleado,,1.1394892655553406,1.0
2024-04-01,Monday,4,0,,Soleado,,1.0,1.0
2024-04-02,Tuesday,4,0,,Lluvioso,,0.9006326255709377,1.0
2024-04-03,Wednesday,4,0,,Soleado,,1.0,1.0
2024-04-04,Thursday,4,0,,Nublado,,1.0,1.0
2024-04-05,Friday,4,0,,Nublado,,1.0,1.0
2024-04-06,Saturday,4,0,,Nublado,,1.2138928338910986,1.0
2024-04-07,Sunday,4,0,,Lluvioso,,1.1380011629113789,1.0
2024-04-08,Monday,4,0,,Lluvioso,,0.942455360002039,1.0
2024-04-09,Tuesday,4,0,,Lluvioso,,0.9288451999012837,1.0
2024-04-10,Wednesday,4,0,,Lluvioso,,0.9026619153016258,1.0
2024-04-11,Thursday,4,0,,Nublado,,1.0,1.0
2024-04-12,Friday,4,0,,Lluvioso,,0.9111126394153527,1.0
2024-04-13,Saturday,4,0,,Lluvioso,,1.0998767741933653,1.0
2024-04-14,Sunday,4,0,,Lluvioso,,1.0954819292323044,1.0
2024-04-15,Monday,4,0,,Soleado,,1.0,1.0
2024-04-16,Tuesday,4,0,,Nublado,,1.0,1.0
2024-04-17,Wednesday,4,0,,Lluvioso,,0.9215805223279719,1.0
2024-04-18,Thursday,4,0,,Soleado,,1.0,1.0
2024-04-19,Friday,4,0,,Nublado,,1.0,1.0
2024-04-20,Saturday,4,0,,Lluvioso,,1.1111266620682447,1.0
2024-04-21,Sunday,4,0,,Nublado,,1.1962098781621837,1.0
2024-04-22,Monday,4,0,,Nublado,,1.0,1.0
2024-04-23,Tuesday,4,0,,Soleado,,1.0,1.0
2024-04-24,Wednesday,4,0,,Lluvioso,,0.9255299810996019,1.0
2024-04-25,Thursday,4,0,,Nublado,,1.0,1.0
2024-04-26,Friday,4,0,,Soleado,,1.0,1.0
2024-04-27,Saturday,4,0,,Nublado,,1.1994890506065043,1.0
2024-04-28,Sunday,4,0,,Nublado,,1.1223543238967093,1.0
2024-04-29,Monday,4,0,,Soleado,,1.0,1.0
2024-04-30,Tuesday,4,0,,Nublado,,1.0,1.0
2024-05-01,Wednesday,5,1,Día del Trabajador,Soleado,,1.4244247817888303,1.0
2024-05-02,Thursday,5,0,,Nublado,,1.0,1.0
2024-05-03,Friday,5,0,,Lluvioso,,0.9638906454235251,1.0
2024-05-04,Saturday,5,0,,Nublado,,1.1934673138665972,1.0
2024-05-05,Sunday,5,0,,Soleado,,1.210564607103996,1.0
2024-05-06,Monday,5,0,,Nublado,,1.0,1.0
2024-05-07,Tuesday,5,0,,Soleado,,1.0,1.0
2024-05-08,Wednesday,5,0,,Lluvioso,,0.9630249443059566,1.0
2024-05-09,Thursday,5,0,,Soleado,,1.0,1.0
2024-05-10,Friday,5,0,,Soleado,,1.0,1.0
2024-05-11,Saturday,5,0,,Lluvioso,,1.0831462488925752,1.0
2024-05-12,Sunday,5,0,,Lluvioso,,1.116775086062747,1.0
2024-05-13,Monday,5,0,,Soleado,,1.0,1.0
2024-05-14,Tuesday,5,0,,Soleado,,1.0,1.0
2024-05-15,Wednesday,5,0,,Soleado,,1.0,1.0
2024-05-16,Thursday,5,0,Día del Padre,Lluvioso,,1.3978818837291054,1.0
2024-05-17,Friday,5,0,,Soleado,,1.0,1.0
2024-05-18,Saturday,5,0,,Soleado,,1.241467711919972,1.0
2024-05-19,Sunday,5,0,,Soleado,,1.2403239066778808,1.0
2024-05-20,Monday,5,0,,Nublado,,1.0,1.0
2024-05-21,Tuesday,5,0,,Soleado,,1.0,1.0
2024-05-22,Wednesday,5,0,,Soleado,,1.0,1.0
2024-05-23,Thursday,5,0,,Soleado,,1.0,1.0
2024-05-24,Friday,5,0,,Nublado,,1.0,1.0
2024-05-25,Saturday,5,0,,Lluvioso,,1.0491877294914298,1.0
2024-05-26,Sunday,5,0,,Nublado,,1.2480293558651034,1.0
2024-05-27,Monday,5,0,,Lluvioso,,0.955500827780134,1.0
2024-05-28,Tuesday,5,0,,Nublado,,1.0,1.0
2024-05-29,Wednesday,5,0,,Lluvioso,,0.891219641308294,1.0
2024-05-30,Thursday,5,0,,Lluvioso,,0.9628757694355635,1.0
2024-05-31,Friday,5,0,,Nublado,,1.0,1.0
2024-06-01,Saturday,6,0,,Soleado,,1.2330865270680766,1.0
2024-06-02,Sunday,6,0,,Nublado,,1.1874489474263894,1.0
2024-06-03,Monday,6,0,,Nublado,,1.0,1.0
2024-06-04,Tuesday,6,0,,Nublado,,1.0,1.0
2024-06-05,Wednesday,6,0,,Nublado,,1.0,1.0
2024-06-06,Thursday,6,0,,Soleado,,1.0,1.0
2024-06-07,Friday,6,0,,Soleado,,1.0,1.0
2024-06-08,Saturday,6,0,,Nublado,,1.196865806646841,1.0
2024-06-09,Sunday,6,0,,Lluvioso,,1.0370215280069164,1.0
2024-06-10,Monday,6,0,,Nublado,,1.0,1.0
2024-06-11,Tuesday,6,0,,Lluvioso,,0.910167751748131,1.0
2024-06-12,Wednesday,6,0,,Nublado,,1.0,1.0
2024-06-13,Thursday,6,0,,Nublado,,1.0,1.0
2024-06-14,Friday,6,0,,Lluvioso,,0.952256810373821,1.0
2024-06-15,Saturday,6,0,,Lluvioso,,1.0197646938154667,1.0
2024-06-16,Sunday,6,0,,Lluvioso,,1.0878234723533573,1.0
2024-06-17,Monday,6,0,,Soleado,,1.0,1.0
2024-06-18,Tuesday,6,0,,Soleado,,1.0,1.0
2024-06-19,Wednesday,6,0,,Nublado,,1.0,1.0
2024-06-20,Thursday,6,0,,Lluvioso,,0.9627870054771485,1.0
2024-06-21,Friday,6,0,,Nublado,,1.0,1.0
2024-06-22,Saturday,6,0,,Nublado,,1.165024979267575,1.0
2024-06-23,Sunday,6,0,,Soleado,,1.1651039162465098,1.0
2024-06-24,Monday,6,0,,Nublado,,1.0,1.0
2024-06-25,Tuesday,6,0,,Soleado,,1.0,1.0
2024-06-26,Wednesday,6,0,,Soleado,,1.0,1.0
2024-06-27,Thursday,6,0,,Nublado,,1.0,1.0
2024-06-28,Friday,6,0,,Lluvioso,,0.9463751123298774,1.0
2024-06-29,Saturday,6,1,San Pedro y San Pablo,Lluvioso,,1.4054210644941343,1.0
2024-06-30,Sunday,6,0,,Lluvioso,,1.0197845419119071,1.0
2024-07-01,Monday,7,0,,Nublado,,1.0,1.0
2024-07-02,Tuesday,7,0,,Lluvioso,,0.9248530995465531,1.0
2024-07-03,Wednesday,7,0,,Nublado,,1.0,1.0
2024-07-04,Thursday,7,0,,Lluvioso,,0.9177032904554093,1.0
2024-07-05,Friday,7,0,,Soleado,,1.0,1.0
2024-07-06,Saturday,7,0,,Nublado,,1.238929967138853,1.0
2024-07-07,Sunday,7,0,,Lluvioso,,1.0880428673766254,1.0
2024-07-08,Monday,7,0,,Nublado,,1.0,1.0
2024-07-09,Tuesday,7,0,,Nublado,,1.0,1.0
2024-07-10,Wednesday,7,0,,Soleado,,1.0,1.0
2024-07-11,Thursday,7,0,,Lluvioso,,0.9369037859127577,1.0
2024-07-12,Friday,7,0,,Lluvioso,,0.88117850109295,1.0
2024-07-13,Saturday,7,0,,Soleado,,1.2062598583621724,1.0
2024-07-14,Sunday,7,0,,Soleado,,1.1431446756930679,1.0
2024-07-15,Monday,7,0,,Lluvioso,,0.966496328572251,1.0
2024-07-16,Tuesday,7,0,,Nublado,,1.0,1.0
2024-07-17,Wednesday,7,0,,Soleado,,1.0,1.0
2024-07-18,Thursday,7,0,,Soleado,,1.0,1.0
2024-07-19,Friday,7,0,,Nublado,,1.0,1.0
2024-07-20,Saturday,7,0,,Lluvioso,,1.0451223058193786,1.0
2024-07-21,Sunday,7,0,,Nublado,,1.1310954568502238,1.0
2024-07-22,Monday,7,0,,Soleado,,1.0,1.0
2024-07-23,Tuesday,7,0,,Nublado,,1.0,1.0
2024-07-24,Wednesday,7,0,,Lluvioso,,0.9697186826661353,1.0
2024-07-25,Thursday,7,0,,Soleado,,1.0,1.0
2024-07-26,Friday,7,0,,Nublado,,1.0,1.0
2024-07-27,Saturday,7,0,,Lluvioso,,1.1065642117313668,1.0
2024-07-28,Sunday,7,1,Fiestas Patrias 1,Lluvioso,,1.4204274505360075,1.0
2024-07-29,Monday,7,1,Fiestas Patrias 2,Lluvioso,,1.284451842109037,1.0
2024-07-30,Tuesday,7,0,,Lluvioso,,0.89716189485973,1.0
2024-07-31,Wednesday,7,0,,Lluvioso,,0.8832894701063285,1.0
2024-08-01,Thursday,8,0,,Lluvioso,,0.9224860250599,1.0
2024-08-02,Friday,8,0,,Soleado,,1.0,1.0
2024-08-03,Saturday,8,0,,Lluvioso,,1.0572755013252315,1.0
2024-08-04,Sunday,8,0,,Lluvioso,,1.1241248686058436,1.0
2024-08-05,Monday,8,0,,Lluvioso,,0.9271951242394822,1.0
2024-08-06,Tuesday,8,0,,Nublado,,1.0,1.0
2024-08-07,Wednesday,8,0,,Soleado,,1.0,1.0
2024-08-08,Thursday,8,0,,Soleado,,1.0,1.0
2024-08-09,Friday,8,0,,Nublado,,1.0,1.0
2024-08-10,Saturday,8,0,,Lluvioso,,1.0784868794886848,1.0
2024-08-11,Sunday,8,0,,Nublado,,1.1927532430700685,1.0
2024-08-12,Monday,8,0,,Nublado,,1.0,1.0
2024-08-13,Tuesday,8,0,,Nublado,,1.0,1.0
2024-08-14,Wednesday,8,0,,Soleado,,1.0,1.0
2024-08-15,Thursday,8,0,,Soleado,,1.0,1.0
2024-08-16,Friday,8,0,,Soleado,,1.0,1.0
2024-08-17,Saturday,8,0,,Lluvioso,,1.0220282777307186,1.0
2024-08-18,Sunday,8,0,,Lluvioso,,1.189096293429715,1.0
2024-08-19,Monday,8,0,,Nublado,,1.0,1.0
2024-08-20,Tuesday,8,0,,Soleado,,1.0,1.0
2024-08-21,Wednesday,8,0,,Soleado,,1.0,1.0
2024-08-22,Thursday,8,0,,Lluvioso,,0.9135978384651777,1.0
2024-08-23,Friday,8,0,,Lluvioso,,0.9043670205829198,1.0
2024-08-24,Saturday,8,0,,Soleado,,1.2037199406210721,1.0
2024-08-25,Sunday,8,0,,Soleado,,1.1731354422427527,1.0
2024-08-26,Monday,8,0,,Lluvioso,,0.882284772009431,1.0
2024-08-27,Tuesday,8,0,,Lluvioso,,0.8940537337629572,1.0
2024-08-28,Wednesday,8,0,,Soleado,,1.0,1.0
2024-08-29,Thursday,8,0,,Nublado,,1.0,1.0
2024-08-30,Friday,8,1,Santa Rosa de Lima,Nublado,,1.3931944457694794,1.0
2024-08-31,Saturday,8,0,,Nublado,,1.2056601124483197,1.0
2024-09-01,Sunday,9,0,,Nublado,,1.123522479025453,1.0
2024-09-02,Monday,9,0,,Soleado,,1.0,1.0
2024-09-03,Tuesday,9,0,,Nublado,,1.0,1.0
2024-09-04,Wednesday,9,0,,Nublado,,1.0,1.0
2024-09-05,Thursday,9,0,,Lluvioso,,0.8999774945739655,1.0
2024-09-06,Friday,9,0,,Nublado,,1.0,1.0
2024-09-07,Saturday,9,0,,Lluvioso,,1.0815782577893835,1.0
2024-09-08,Sunday,9,0,,Lluvioso,,0.9983730394059328,1.0
2024-09-09,Monday,9,0,,Soleado,,1.0,1.0
2024-09-10,Tuesday,9,0,,Soleado,,1.0,1.0
2024-09-11,Wednesday,9,0,,Soleado,,1.0,1.0
2024-09-12,Thursday,9,0,,Soleado,,1.0,1.0
2024-09-13,Friday,9,0,,Lluvioso,,0.951992447683587,1.0
2024-09-14,Saturday,9,0,,Soleado,,1.1432108060670634,1.0
2024-09-15,Sunday,9,0,,Lluvioso,,1.086102011802206,1.0
2024-09-16,Monday,9,0,,Soleado,,1.0,1.0
2024-09-17,Tuesday,9,0,,Nublado,,1.0,1.0
2024-09-18,Wednesday,9,0,,Nublado,,1.0,1.0
2024-09-19,Thursday,9,0,,Lluvioso,,0.888949725348341,1.0
2024-09-20,Friday,9,0,,Nublado,,1.0,1.0
2024-09-21,Saturday,9,0,,Nublado,,1.1516123848299291,1.0
2024-09-22,Sunday,9,0,,Lluvioso,,1.1617126237620417,1.0
2024-09-23,Monday,9,0,,Nublado,,1.0,1.0
2024-09-24,Tuesday,9,0,,Nublado,,1.0,1.0
2024-09-25,Wednesday,9,0,,Nublado,,1.0,1.0
2024-09-26,Thursday,9,0,,Soleado,,1.0,1.0
2024-09-27,Friday,9,0,,Lluvioso,,0.9547197878110292,1.0
2024-09-28,Saturday,9,0,,Soleado,,1.1716338588503992,1.0
2024-09-29,Sunday,9,0,,Nublado,,1.206851067754184,1.0
2024-09-30,Monday,9,0,,Nublado,,1.0,1.0
2024-10-01,Tuesday,10,0,,Soleado,,1.0,1.0
2024-10-02,Wednesday,10,0,,Nublado,,1.0,1.0
2024-10-03,Thursday,10,0,,Lluvioso,,0.8984485865874239,1.0
2024-10-04,Friday,10,0,,Lluvioso,,0.9063832957234912,1.0
2024-10-05,Saturday,10,0,,Lluvioso,,1.0895877643788008,1.0
2024-10-06,Sunday,10,0,,Nublado,,1.1311161090110808,1.0
2024-10-07,Monday,10,0,,Lluvioso,,0.8987097629631424,1.0
2024-10-08,Tuesday,10,1,Combate de Angamos,Lluvioso,,1.1251678042045616,1.0
2024-10-09,Wednesday,10,0,,Nublado,,1.0,1.0
2024-10-10,Thursday,10,0,,Soleado,,1.0,1.0
2024-10-11,Friday,10,0,,Soleado,,1.0,1.0
2024-10-12,Saturday,10,0,,Nublado,,1.19579540292606,1.0
2024-10-13,Sunday,10,0,,Lluvioso,,1.1281937442279477,1.0
2024-10-14,Monday,10,0,,Soleado,,1.0,1.0
2024-10-15,Tuesday,10,0,,Soleado,,1.0,1.0
2024-10-16,Wednesday,10,0,,Soleado,,1.0,1.0
2024-10-17,Thursday,10,0,,Nublado,,1.0,1.0
2024-10-18,Friday,10,0,,Soleado,,1.0,1.0
2024-10-19,Saturday,10,0,,Soleado,,1.2262676630259974,1.0
2024-10-20,Sunday,10,0,,Nublado,,1.164436255720724,1.0
2024-10-21,Monday,10,0,,Nublado,,1.0,1.0
2024-10-22,Tuesday,10,0,,Nublado,,1.0,1.0
2024-10-23,Wednesday,10,0,,Soleado,,1.0,1.0
2024-10-24,Thursday,10,0,,Soleado,,1.0,1.0
2024-10-25,Friday,10,0,,Nublado,,1.0,1.0
2024-10-26,Saturday,10,0,,Lluvioso,,1.0547034984934427,1.0
2024-10-27,Sunday,10,0,,Nublado,,1.1967383425269251,1.0
2024-10-28,Monday,10,0,,Soleado,,1.0,1.0
2024-10-29,Tuesday,10,0,,Soleado,,1.0,1.0
2024-10-30,Wednesday,10,0,,Nublado,,1.0,1.0
2024-10-31,Thursday,10,0,,Lluvioso,,0.9041257276740589,1.0
2024-11-01,Friday,11,1,Día de Todos los Santos,Lluvioso,,1.2605086276933277,1.0
2024-11-02,Saturday,11,0,,Soleado,,1.1917661335107574,1.0
2024-11-03,Sunday,11,0,,Lluvioso,,1.0666775881519066,1.0
2024-11-04,Monday,11,0,,Lluvioso,,0.9653607976265941,1.0
2024-11-05,Tuesday,11,0,,Lluvioso,,0.9487245214743785,1.0
2024-11-06,Wednesday,11,0,,Nublado,,1.0,1.0
2024-11-07,Thursday,11,0,,Soleado,,1.0,1.0
2024-11-08,Friday,11,0,,Nublado,,1.0,1.0
2024-11-09,Saturday,11,0,,Lluvioso,,1.0905942198101999,1.0
2024-11-10,Sunday,11,0,,Soleado,,1.1833660557724368,1.0
2024-11-11,Monday,11,0,,Nublado,,1.0,1.0
2024-11-12,Tuesday,11,0,,Soleado,,1.0,1.0
2024-11-13,Wednesday,11,0,,Nublado,,1.0,1.0
2024-11-14,Thursday,11,0,,Soleado,,1.0,1.0
2024-11-15,Friday,11,0,,Nublado,,1.0,1.0
2024-11-16,Saturday,11,0,,Lluvioso,,1.1769336784708606,1.0
2024-11-17,Sunday,11,0,,Nublado,,1.1752777555810003,1.0
2024-11-18,Monday,11,0,,Lluvioso,,0.8820222377488106,1.0
2024-11-19,Tuesday,11,0,,Nublado,,1.0,1.0
2024-11-20,Wednesday,11,0,,Lluvioso,,0.9041809623446452,1.0
2024-11-21,Thursday,11,0,,Lluvioso,,0.928747079319478,1.0
2024-11-22,Friday,11,0,,Nublado,,1.0,1.0
2024-11-23,Saturday,11,0,,Nublado,,1.2023521685773992,1.0
2024-11-24,Sunday,11,0,,Soleado,,1.1535253991063164,1.0
2024-11-25,Monday,11,0,,Nublado,,1.0,1.0
2024-11-26,Tuesday,11,0,,Soleado,,1.0,1.0
2024-11-27,Wednesday,11,0,,Nublado,,1.0,1.0
2024-11-28,Thursday,11,0,,Soleado,,1.0,1.0
2024-11-29,Friday,11,0,,Lluvioso,,0.8925420466665541,1.0
2024-11-30,Saturday,11,0,,Nublado,,1.2285409307839088,1.0
2024-12-01,Sunday,12,0,,Lluvioso,,1.1572598194220456,1.0
2024-12-02,Monday,12,0,,Nublado,,1.0,1.0
2024-12-03,Tuesday,12,0,,Soleado,,1.0,1.0
2024-12-04,Wednesday,12,0,,Nublado,,1.0,1.0
2024-12-05,Thursday,12,0,,Soleado,,1.0,1.0
2024-12-06,Friday,12,0,,Soleado,,1.0,1.0
2024-12-07,Saturday,12,0,,Nublado,,1.1423183071602796,1.0
2024-12-08,Sunday,12,1,Inmaculada Concepción,Lluvioso,,1.3938722347392,1.0
2024-12-09,Monday,12,0,,Nublado,,1.0,1.0
2024-12-10,Tuesday,12,0,,Lluvioso,,0.8905975974601127,1.0
2024-12-11,Wednesday,12,0,,Soleado,,1.0,1.0
2024-12-12,Thursday,12,0,,Nublado,,1.0,1.0
2024-12-13,Friday,12,0,,Nublado,,1.0,1.0
2024-12-14,Saturday,12,0,,Lluvioso,,1.0810268200382454,1.0
2024-12-15,Sunday,12,0,,Nublado,,1.1920431403270533,1.0
2024-12-16,Monday,12,0,,Soleado,,1.0,1.0
2024-12-17,Tuesday,12,0,,Nublado,,1.0,1.0
2024-12-18,Wednesday,12,0,,Soleado,,1.0,1.0
2024-12-19,Thursday,12,0,,Soleado,,1.0,1.0
2024-12-20,Friday,12,0,,Lluvioso,,0.9386278349516678,1.0
2024-12-21,Saturday,12,0,,Lluvioso,,1.1033336599303165,1.0
2024-12-22,Sunday,12,0,,Soleado,,1.1214294577256025,1.0
2024-12-23,Monday,12,0,,Lluvioso,,0.8923197067061927,1.0
2024-12-24,Tuesday,12,0,,Lluvioso,,0.9610016777663294,1.0
2024-12-25,Wednesday,12,1,Navidad,Soleado,,1.424778015512503,1.0
2024-12-26,Thursday,12,0,,Nublado,,1.0,1.0
2024-12-27,Friday,12,0,,Nublado,,1.0,1.0
2024-12-28,Saturday,12,0,,Lluvioso,,1.1186736111138134,1.0
2024-12-29,Sunday,12,0,,Lluvioso,,1.0807221719371114,1.0
2024-12-30,Monday,12,0,,Soleado,,1.0,1.0
2024-12-31,Tuesday,12,0,,Soleado,,1.0,1.0
2025-01-01,Wednesday,1,1,Año Nuevo,Soleado,,1.432882389184992,1.0
2025-01-02,Thursday,1,0,,Soleado,,1.0,1.0
2025-01-03,Friday,1,0,,Nublado,,1.0,1.0
2025-01-04,Saturday,1,0,,Soleado,,1.1744401682359695,1.0
2025-01-05,Sunday,1,0,,Soleado,,1.1698080086724347,1.0
2025-01-06,Monday,1,0,,Lluvioso,,0.9267025934754554,1.0
2025-01-07,Tuesday,1,0,,Soleado,,1.0,1.0
2025-01-08,Wednesday,1,0,,Lluvioso,,0.884226937009755,1.0
2025-01-09,Thursday,1,0,,Soleado,,1.0,1.0
2025-01-10,Friday,1,0,,Soleado,,1.0,1.0
2025-01-11,Saturday,1,0,,Lluvioso,,1.0804524616986106,1.0
2025-01-12,Sunday,1,0,,Nublado,,1.1307638268302664,1.0
2025-01-13,Monday,1,0,,Nublado,,1.0,1.0
2025-01-14,Tuesday,1,0,,Lluvioso,,0.934283689851975,1.0
2025-01-15,Wednesday,1,0,,Lluvioso,,0.9020814198713188,1.0
2025-01-16,Thursday,1,0,,Nublado,,1.0,1.0
2025-01-17,Friday,1,0,,Lluvioso,,0.9150366052637778,1.0
2025-01-18,Saturday,1,0,,Lluvioso,,1.0556797349875635,1.0
2025-01-19,Sunday,1,0,,Lluvioso,,1.1003083570775276,1.0
2025-01-20,Monday,1,0,,Lluvioso,,0.9309764176267208,1.0
2025-01-21,Tuesday,1,0,,Lluvioso,,0.922844536197919,1.0
2025-01-22,Wednesday,1,0,,Nublado,,1.0,1.0
2025-01-23,Thursday,1,0,,Lluvioso,,0.9397304048826383,1.0
2025-01-24,Friday,1,0,,Nublado,,1.0,1.0
2025-01-25,Saturday,1,0,,Soleado,,1.2417878661122186,1.0
2025-01-26,Sunday,1,0,,Nublado,,1.2152343726373325,1.0
2025-01-27,Monday,1,0,,Soleado,,1.0,1.0
2025-01-28,Tuesday,1,0,,Nublado,,1.0,1.0
2025-01-29,Wednesday,1,0,,Nublado,,1.0,1.0
2025-01-30,Thursday,1,0,,Lluvioso,,0.8993446340731681,1.0
2025-01-31,Friday,1,0,,Nublado,,1.0,1.0
2025-02-01,Saturday,2,0,,Nublado,,1.1240538075579671,1.0
2025-02-02,Sunday,2,0,,Lluvioso,,1.0774128523564002,1.0
2025-02-03,Monday,2,0,,Soleado,,1.0,1.0
2025-02-04,Tuesday,2,0,,Nublado,,1.0,1.0
2025-02-05,Wednesday,2,0,,Lluvioso,,0.8846283232135825,1.0
2025-02-06,Thursday,2,0,,Soleado,,1.0,1.0
2025-02-07,Friday,2,0,,Nublado,,1.0,1.0
2025-02-08,Saturday,2,0,,Nublado,,1.1845276121361608,1.0
2025-02-09,Sunday,2,0,,Nublado,,1.1975895703591957,1.0
2025-02-10,Monday,2,0,,Soleado,,1.0,1.0
2025-02-11,Tuesday,2,0,,Soleado,,1.0,1.0
2025-02-12,Wednesday,2,0,,Nublado,,1.0,1.0
2025-02-13,Thursday,2,0,,Nublado,,1.0,1.0
2025-02-14,Friday,2,0,,Soleado,,1.0,1.0
2025-02-15,Saturday,2,0,,Lluvioso,,1.1045602217722013,1.0
2025-02-16,Sunday,2,0,,Soleado,,1.1338577729073904,1.0
2025-02-17,Monday,2,0,,Lluvioso,,0.8867624003562228,1.0
2025-02-18,Tuesday,2,0,,Lluvioso,,0.9455369880583243,1.0
2025-02-19,Wednesday,2,0,,Lluvioso,,0.9245942184585578,1.0
2025-02-20,Thursday,2,0,,Nublado,,1.0,1.0
2025-02-21,Friday,2,0,,Nublado,,1.0,1.0
2025-02-22,Saturday,2,0,,Lluvioso,,1.1116860632111378,1.0
2025-02-23,Sunday,2,0,,Lluvioso,,1.0987152993992308,1.0
2025-02-24,Monday,2,0,,Lluvioso,,0.9519474291072081,1.0
2025-02-25,Tuesday,2,0,,Soleado,,1.0,1.0
2025-02-26,Wednesday,2,0,,Nublado,,1.0,1.0
2025-02-27,Thursday,2,0,,Lluvioso,,0.9425226823768984,1.0
2025-02-28,Friday,2,0,,Lluvioso,,0.9044930623506966,1.0
2025-03-01,Saturday,3,0,,Soleado,,1.1967299866929815,1.0
2025-03-02,Sunday,3,0,,Nublado,,1.1669266066022035,1.0
2025-03-03,Monday,3,0,,Lluvioso,,0.888242386599397,1.0
2025-03-04,Tuesday,3,0,,Nublado,,1.0,1.0
2025-03-05,Wednesday,3,0,,Lluvioso,,0.9625582217916018,1.0
2025-03-06,Thursday,3,0,,Soleado,,1.0,1.0
2025-03-07,Friday,3,0,,Soleado,,1.0,1.0
2025-03-08,Saturday,3,0,,Nublado,,1.1377864220194651,1.0
2025-03-09,Sunday,3,0,,Soleado,,1.2435308559967044,1.0
2025-03-10,Monday,3,0,,Nublado,,1.0,1.0
2025-03-11,Tuesday,3,0,,Lluvioso,,0.920140519566216,1.0
2025-03-12,Wednesday,3,0,,Soleado,,1.0,1.0
2025-03-13,Thursday,3,0,,Lluvioso,,0.8966619635954758,1.0
2025-03-14,Friday,3,0,,Lluvioso,,0.9287710852640523,1.0
2025-03-15,Saturday,3,0,,Soleado,,1.233482958663933,1.0
2025-03-16,Sunday,3,0,,Soleado,,1.215189235233243,1.0
2025-03-17,Monday,3,0,,Soleado,,1.0,1.0
2025-03-18,Tuesday,3,0,,Lluvioso,,0.9525905033075305,1.0
2025-03-19,Wednesday,3,0,,Nublado,,1.0,1.0
2025-03-20,Thursday,3,0,,Nublado,,1.0,1.0
2025-03-21,Friday,3,0,,Lluvioso,,0.9392905030039645,1.0
2025-03-22,Saturday,3,0,,Lluvioso,,1.1572735361633755,1.0
2025-03-23,Sunday,3,0,,Lluvioso,,1.064925723495777,1.0
2025-03-24,Monday,3,0,,Soleado,,1.0,1.0
2025-03-25,Tuesday,3,0,,Nublado,,1.0,1.0
2025-03-26,Wednesday,3,0,,Nublado,,1.0,1.0
2025-03-27,Thursday,3,0,,Nublado,,1.0,1.0
2025-03-28,Friday,3,0,,Nublado,,1.0,1.0
2025-03-29,Saturday,3,1,Viernes Santo,Nublado,,1.6628646867944867,1.0
2025-03-30,Sunday,3,1,Sábado Santo,Nublado,,1.5632090009327888,1.0
2025-03-31,Monday,3,0,,Lluvioso,,0.943501765526412,1.0
2025-04-01,Tuesday,4,0,,Lluvioso,,0.96327234856741,1.0
2025-04-02,Wednesday,4,0,,Soleado,,1.0,1.0
2025-04-03,Thursday,4,0,,Lluvioso,,0.89625178106146,1.0
2025-04-04,Friday,4,0,,Lluvioso,,0.9311150707497367,1.0
2025-04-05,Saturday,4,0,,Nublado,,1.2390134786864455,1.0
2025-04-06,Sunday,4,0,,Soleado,,1.124412977216154,1.0
2025-04-07,Monday,4,0,,Nublado,,1.0,1.0
2025-04-08,Tuesday,4,0,,Soleado,,1.0,1.0
2025-04-09,Wednesday,4,0,,Lluvioso,,0.9427678240522156,1.0
2025-04-10,Thursday,4,0,,Lluvioso,,0.9067614106635296,1.0
2025-04-11,Friday,4,0,,Nublado,,1.0,1.0
2025-04-12,Saturday,4,0,,Nublado,,1.240171505398949,1.0
2025-04-13,Sunday,4,0,,Nublado,,1.2462375718714978,1.0
2025-04-14,Monday,4,0,,Lluvioso,,0.964983984020209,1.0
2025-04-15,Tuesday,4,0,,Lluvioso,,0.9226792794991717,1.0
2025-04-16,Wednesday,4,0,,Lluvioso,,0.9575838385890382,1.0
2025-04-17,Thursday,4,0,,Soleado,,1.0,1.0
2025-04-18,Friday,4,0,,Nublado,,1.0,1.0
2025-04-19,Saturday,4,0,,Soleado,,1.2297914218095591,1.0
2025-04-20,Sunday,4,0,,Lluvioso,,1.1087545095783544,1.0
2025-04-21,Monday,4,0,,Lluvioso,,0.8833306871243943,1.0
2025-04-22,Tuesday,4,0,,Soleado,,1.0,1.0
2025-04-23,Wednesday,4,0,,Nublado,,1.0,1.0
2025-04-24,Thursday,4,0,,Nublado,,1.0,1.0
2025-04-25,Friday,4,0,,Lluvioso,,0.9336642890633847,1.0
2025-04-26,Saturday,4,0,,Lluvioso,,1.0243906110278556,1.0
2025-04-27,Sunday,4,0,,Lluvioso,,1.065216260186477,1.0
2025-04-28,Monday,4,0,,Nublado,,1.0,1.0
2025-04-29,Tuesday,4,0,,Soleado,,1.0,1.0
2025-04-30,Wednesday,4,0,,Lluvioso,,0.9105887467391259,1.0
2025-05-01,Thursday,5,1,Día del Trabajador,Lluvioso,,1.2357641660030991,1.0
2025-05-02,Friday,5,0,,Nublado,,1.0,1.0
2025-05-03,Saturday,5,0,,Lluvioso,,1.0780400647036632,1.0
2025-05-04,Sunday,5,0,,Soleado,,1.2227940114290652,1.0
2025-05-05,Monday,5,0,,Lluvioso,,0.9086877252638863,1.0
2025-05-06,Tuesday,5,0,,Lluvioso,,0.9363302238793308,1.0
2025-05-07,Wednesday,5,0,,Lluvioso,,0.9597379973412569,1.0
2025-05-08,Thursday,5,0,Día del Pollo a la Brasa,Nublado,,1.3231726376364608,1.0
2025-05-09,Friday,5,0,,Soleado,,1.0,1.0
2025-05-10,Saturday,5,0,,Nublado,,1.1502847317179725,1.0
2025-05-11,Sunday,5,0,,Nublado,,1.1231721016023501,1.0
2025-05-12,Monday,5,0,,Soleado,,1.0,1.0
2025-05-13,Tuesday,5,0,,Nublado,,1.0,1.0
2025-05-14,Wednesday,5,0,,Soleado,,1.0,1.0
2025-05-15,Thursday,5,0,,Lluvioso,,0.9583088986510837,1.0
2025-05-16,Friday,5,0,,Lluvioso,,0.8819142469765349,1.0
2025-05-17,Saturday,5,0,,Nublado,,1.233711217448946,1.0
2025-05-18,Sunday,5,0,,Lluvioso,,1.1465799131349876,1.0
2025-05-19,Monday,5,0,,Nublado,,1.0,1.0
2025-05-20,Tuesday,5,0,,Soleado,,1.0,1.0
2025-05-21,Wednesday,5,0,,Lluvioso,,0.9518904912196299,1.0
2025-05-22,Thursday,5,0,,Soleado,,1.0,1.0
2025-05-23,Friday,5,0,,Soleado,,1.0,1.0
2025-05-24,Saturday,5,0,,Lluvioso,,1.1392102644607403,1.0
2025-05-25,Sunday,5,0,,Nublado,,1.2197344775610466,1.0
2025-05-26,Monday,5,0,,Lluvioso,,0.9161737822248318,1.0
2025-05-27,Tuesday,5,0,,Soleado,,1.0,1.0
2025-05-28,Wednesday,5,0,,Nublado,,1.0,1.0
2025-05-29,Thursday,5,0,,Nublado,,1.0,1.0
2025-05-30,Friday,5,0,,Soleado,,1.0,1.0
2025-05-31,Saturday,5,0,,Lluvioso,,1.1072734791640293,1.0
2025-06-01,Sunday,6,0,,Nublado,,1.233578024844224,1.0
2025-06-02,Monday,6,0,,Nublado,,1.0,1.0
2025-06-03,Tuesday,6,0,,Nublado,,1.0,1.0
2025-06-04,Wednesday,6,0,,Soleado,,1.0,1.0
2025-06-05,Thursday,6,0,,Soleado,,1.0,1.0
2025-06-06,Friday,6,0,,Soleado,,1.0,1.0
2025-06-07,Saturday,6,0,,Nublado,,1.2479308509959084,1.0
2025-06-08,Sunday,6,0,,Soleado,,1.2198755438023874,1.0
2025-06-09,Monday,6,0,,Lluvioso,,0.91759901039506,1.0
2025-06-10,Tuesday,6,0,,Nublado,,1.0,1.0
2025-06-11,Wednesday,6,0,,Soleado,,1.0,1.0
2025-06-12,Thursday,6,0,,Lluvioso,,0.9179221302049363,1.0
2025-06-13,Friday,6,0,,Nublado,,1.0,1.0
2025-06-14,Saturday,6,0,,Soleado,,1.2158856992065559,1.0
2025-06-15,Sunday,6,0,,Nublado,,1.1510410289498794,1.0
2025-06-16,Monday,6,0,,Nublado,,1.0,1.0
2025-06-17,Tuesday,6,0,,Lluvioso,,0.8899426701818255,1.0
2025-06-18,Wednesday,6,0,,Nublado,,1.0,1.0
2025-06-19,Thursday,6,0,,Nublado,,1.0,1.0
2025-06-20,Friday,6,0,,Nublado,,1.0,1.0
2025-06-21,Saturday,6,0,,Lluvioso,,1.05631424253129,1.0
2025-06-22,Sunday,6,0,,Soleado,,1.1585200556592787,1.0
2025-06-23,Monday,6,0,,Nublado,,1.0,1.0
2025-06-24,Tuesday,6,0,,Nublado,,1.0,1.0
2025-06-25,Wednesday,6,0,,Soleado,,1.0,1.0
2025-06-26,Thursday,6,0,,Nublado,,1.0,1.0
2025-06-27,Friday,6,0,,Soleado,,1.0,1.0
2025-06-28,Saturday,6,0,,Soleado,,1.1503690076364883,1.0
2025-06-29,Sunday,6,1,San Pedro y San Pablo,Soleado,,1.4108634663402249,1.0
2025-06-30,Monday,6,0,,Lluvioso,,0.9688950150762428,1.0
2025-07-01,Tuesday,7,0,,Nublado,,1.0,1.0
2025-07-02,Wednesday,7,0,,Soleado,,1.0,1.0
2025-07-03,Thursday,7,0,,Nublado,,1.0,1.0
2025-07-04,Friday,7,0,,Soleado,,1.0,1.0
2025-07-05,Saturday,7,0,,Nublado,,1.1756105073856622,1.0
2025-07-06,Sunday,7,0,,Soleado,,1.1699624641307587,1.0
2025-07-07,Monday,7,0,,Soleado,,1.0,1.0
2025-07-08,Tuesday,7,0,,Soleado,,1.0,1.0
2025-07-09,Wednesday,7,0,,Nublado,,1.0,1.0
2025-07-10,Thursday,7,0,,Lluvioso,,0.9411682554423763,1.0
2025-07-11,Friday,7,0,,Lluvioso,,0.8996428499078558,1.0
2025-07-12,Saturday,7,0,,Nublado,,1.2434949539135294,1.0
2025-07-13,Sunday,7,0,,Soleado,,1.2222248518740217,1.0
2025-07-14,Monday,7,0,,Soleado,,1.0,1.0
2025-07-15,Tuesday,7,0,,Nublado,,1.0,1.0
2025-07-16,Wednesday,7,0,,Lluvioso,,0.8880469902081034,1.0
2025-07-17,Thursday,7,0,,Lluvioso,,0.9175822698206435,1.0
2025-07-18,Friday,7,0,,Soleado,,1.0,1.0
2025-07-19,Saturday,7,0,,Lluvioso,,1.1911173374655641,1.0
2025-07-20,Sunday,7,0,,Lluvioso,,1.1042571010203435,1.0
2025-07-21,Monday,7,0,,Lluvioso,,0.8950330551482868,1.0
2025-07-22,Tuesday,7,0,,Soleado,,1.0,1.0
2025-07-23,Wednesday,7,0,,Lluvioso,,0.9692051763523278,1.0
2025-07-24,Thursday,7,0,,Soleado,,1.0,1.0
2025-07-25,Friday,7,0,,Nublado,,1.0,1.0
2025-07-26,Saturday,7,0,,Nublado,,1.1501173211798477,1.0
2025-07-27,Sunday,7,0,,Soleado,,1.2425551306375664,1.0
2025-07-28,Monday,7,1,Fiestas Patrias 1,Lluvioso,,1.2898148547472519,1.0
2025-07-29,Tuesday,7,1,Fiestas Patrias 2,Nublado,,1.3525377022033016,1.0
2025-07-30,Wednesday,7,0,,Soleado,,1.0,1.0
2025-07-31,Thursday,7,0,,Lluvioso,,0.9007602830545983,1.0
2025-08-01,Friday,8,0,,Nublado,,1.0,1.0
2025-08-02,Saturday,8,0,,Soleado,,1.1429486441607162,1.0
2025-08-03,Sunday,8,0,,Lluvioso,,1.0300975518098252,1.0
2025-08-04,Monday,8,0,,Lluvioso,,0.9501626026210078,1.0
2025-08-05,Tuesday,8,0,,Soleado,,1.0,1.0
2025-08-06,Wednesday,8,0,,Lluvioso,,0.9115112733250057,1.0
2025-08-07,Thursday,8,0,,Nublado,,1.0,1.0
2025-08-08,Friday,8,0,,Soleado,,1.0,1.0
2025-08-09,Saturday,8,0,,Lluvioso,,1.0905585965499525,1.0
2025-08-10,Sunday,8,0,,Lluvioso,,1.1898157675456704,1.0
2025-08-11,Monday,8,0,,Lluvioso,,0.9695417040381792,1.0
2025-08-12,Tuesday,8,0,,Lluvioso,,0.8956505724297539,1.0
2025-08-13,Wednesday,8,0,,Lluvioso,,0.9156617817012392,1.0
2025-08-14,Thursday,8,0,,Soleado,,1.0,1.0
2025-08-15,Friday,8,0,,Nublado,,1.0,1.0
2025-08-16,Saturday,8,0,,Nublado,,1.2185710018415319,1.0
2025-08-17,Sunday,8,0,,Soleado,,1.210482680346993,1.0
2025-08-18,Monday,8,0,,Lluvioso,,0.893850631570587,1.0
2025-08-19,Tuesday,8,0,,Nublado,,1.0,1.0
2025-08-20,Wednesday,8,0,,Nublado,,1.0,1.0
2025-08-21,Thursday,8,0,,Nublado,,1.0,1.0
2025-08-22,Friday,8,0,,Lluvioso,,0.9534249812491555,1.0
2025-08-23,Saturday,8,0,,Soleado,,1.149177274338766,1.0
2025-08-24,Sunday,8,0,,Nublado,,1.149096289926941,1.0
2025-08-25,Monday,8,0,,Soleado,,1.0,1.0
2025-08-26,Tuesday,8,0,,Nublado,,1.0,1.0
2025-08-27,Wednesday,8,0,,Soleado,,1.0,1.0
2025-08-28,Thursday,8,0,,Lluvioso,,0.9283276980604072,1.0
2025-08-29,Friday,8,0,,Lluvioso,,0.9333645941357532,1.0
2025-08-30,Saturday,8,1,Santa Rosa de Lima,Lluvioso,,1.4539320307469705,1.0
2025-08-31,Sunday,8,0,,Soleado,,1.154528005536532,1.0
2025-09-01,Monday,9,0,,Lluvioso,,0.8916563429154524,1.0
2025-09-02,Tuesday,9,0,,Lluvioso,,0.9599873271882079,1.0
2025-09-03,Wednesday,9,0,,Nublado,,1.0,1.0
2025-09-04,Thursday,9,0,,Soleado,,1.0,1.0
2025-09-05,Friday,9,0,,Soleado,,1.0,1.0
2025-09-06,Saturday,9,0,,Nublado,,1.244234694769868,1.0
2025-09-07,Sunday,9,0,,Lluvioso,,1.1739921218737306,1.0
2025-09-08,Monday,9,0,,Nublado,,1.0,1.0
2025-09-09,Tuesday,9,0,,Lluvioso,,0.938971778257512,1.0
2025-09-10,Wednesday,9,0,,Soleado,,1.0,1.0
2025-09-11,Thursday,9,0,,Lluvioso,,0.9295771633548225,1.0
2025-09-12,Friday,9,0,,Nublado,,1.0,1.0
2025-09-13,Saturday,9,0,,Lluvioso,,1.0371390704638828,1.0
2025-09-14,Sunday,9,0,,Nublado,,1.1684495072116008,1.0
2025-09-15,Monday,9,0,,Lluvioso,,0.9033778405384294,1.0
2025-09-16,Tuesday,9,0,,Soleado,,1.0,1.0
2025-09-17,Wednesday,9,0,,Soleado,,1.0,1.0
2025-09-18,Thursday,9,0,,Soleado,,1.0,1.0
2025-09-19,Friday,9,0,,Lluvioso,,0.9451078102319727,1.0
2025-09-20,Saturday,9,0,,Nublado,,1.1844638455602403,1.0
2025-09-21,Sunday,9,0,,Soleado,,1.1305360080679943,1.0
2025-09-22,Monday,9,0,,Nublado,,1.0,1.0
2025-09-23,Tuesday,9,0,,Soleado,,1.0,1.0
2025-09-24,Wednesday,9,0,,Soleado,,1.0,1.0
2025-09-25,Thursday,9,0,,Soleado,,1.0,1.0
2025-09-26,Friday,9,0,,Soleado,,1.0,1.0
2025-09-27,Saturday,9,0,,Nublado,,1.1486238162534756,1.0
2025-09-28,Sunday,9,0,,Nublado,,1.2088236392757474,1.0
2025-09-29,Monday,9,0,,Lluvioso,,0.886851777354127,1.0
2025-09-30,Tuesday,9,0,,Nublado,,1.0,1.0
2025-10-01,Wednesday,10,0,,Lluvioso,,0.9566086222643891,1.0
2025-10-02,Thursday,10,0,,Nublado,,1.0,1.0
2025-10-03,Friday,10,0,,Nublado,,1.0,1.0
2025-10-04,Saturday,10,0,,Soleado,,1.1843690485118168,1.0
2025-10-05,Sunday,10,0,,Lluvioso,,1.1036248369262989,1.0
2025-10-06,Monday,10,0,,Soleado,,1.0,1.0
2025-10-07,Tuesday,10,0,,Nublado,,1.0,1.0
2025-10-08,Wednesday,10,1,Combate de Angamos,Nublado,,1.4149361931850297,1.0
2025-10-09,Thursday,10,0,,Soleado,,1.0,1.0
2025-10-10,Friday,10,0,,Lluvioso,,0.9113028287111974,1.0
2025-10-11,Saturday,10,0,,Nublado,,1.2081420998326784,1.0
2025-10-12,Sunday,10,0,,Nublado,,1.193545155319453,1.0
2025-10-13,Monday,10,0,,Soleado,,1.0,1.0
2025-10-14,Tuesday,10,0,,Nublado,,1.0,1.0
2025-10-15,Wednesday,10,0,,Nublado,,1.0,1.0
2025-10-16,Thursday,10,0,,Nublado,,1.0,1.0
2025-10-17,Friday,10,0,,Lluvioso,,0.9040325443152479,1.0
2025-10-18,Saturday,10,0,,Nublado,,1.2342218982261706,1.0
2025-10-19,Sunday,10,0,,Nublado,,1.2236653828089006,1.0
2025-10-20,Monday,10,0,,Nublado,,1.0,1.0
2025-10-21,Tuesday,10,0,,Soleado,,1.0,1.0
2025-10-22,Wednesday,10,0,,Nublado,,1.0,1.0
2025-10-23,Thursday,10,0,,Lluvioso,,0.9392606651192583,1.0
2025-10-24,Friday,10,0,,Nublado,,1.0,1.0
2025-10-25,Saturday,10,0,,Nublado,,1.2305756247822515,1.0
2025-10-26,Sunday,10,0,,Lluvioso,,1.1634094461346678,1.0
2025-10-27,Monday,10,0,,Nublado,,1.0,1.0
2025-10-28,Tuesday,10,0,,Soleado,,1.0,1.0
2025-10-29,Wednesday,10,0,,Lluvioso,,0.9553311995527305,1.0
2025-10-30,Thursday,10,0,,Nublado,,1.0,1.0
2025-10-31,Friday,10,0,,Soleado,,1.0,1.0
2025-11-01,Saturday,11,1,Día de Todos los Santos,Nublado,,1.6780244936292996,1.0
2025-11-02,Sunday,11,0,,Lluvioso,,1.1376909561455137,1.0
2025-11-03,Monday,11,0,,Soleado,,1.0,1.0
2025-11-04,Tuesday,11,0,,Lluvioso,,0.8942744594763766,1.0
2025-11-05,Wednesday,11,0,,Nublado,,1.0,1.0
2025-11-06,Thursday,11,0,,Nublado,,1.0,1.0
2025-11-07,Friday,11,0,,Soleado,,1.0,1.0
2025-11-08,Saturday,11,0,,Soleado,,1.2345131986958606,1.0
2025-11-09,Sunday,11,0,,Nublado,,1.23333965860688,1.0
2025-11-10,Monday,11,0,,Lluvioso,,0.8826322554731103,1.0
2025-11-11,Tuesday,11,0,,Nublado,,1.0,1.0
2025-11-12,Wednesday,11,0,,Nublado,,1.0,1.0
2025-11-13,Thursday,11,0,,Nublado,,1.0,1.0
2025-11-14,Friday,11,0,,Lluvioso,,0.9543235075508286,1.0
2025-11-15,Saturday,11,0,,Lluvioso,,1.0346279779996177,1.0
2025-11-16,Sunday,11,0,,Nublado,,1.216656073317909,1.0
2025-11-17,Monday,11,0,,Soleado,,1.0,1.0
2025-11-18,Tuesday,11,0,,Lluvioso,,0.8944683906443477,1.0
2025-11-19,Wednesday,11,0,,Nublado,,1.0,1.0
2025-11-20,Thursday,11,0,,Nublado,,1.0,1.0
2025-11-21,Friday,11,0,,Nublado,,1.0,1.0
2025-11-22,Saturday,11,0,,Soleado,,1.2263357131354782,1.0
2025-11-23,Sunday,11,0,,Lluvioso,,1.136889588093494,1.0
2025-11-24,Monday,11,0,,Nublado,,1.0,1.0
2025-11-25,Tuesday,11,0,,Lluvioso,,0.880574728454515,1.0
2025-11-26,Wednesday,11,0,,Nublado,,1.0,1.0
2025-11-27,Thursday,11,0,,Nublado,,1.0,1.0
2025-11-28,Friday,11,0,,Lluvioso,,0.9058334319857422,1.0
2025-11-29,Saturday,11,0,,Soleado,,1.2002004993888464,1.0
2025-11-30,Sunday,11,0,,Soleado,,1.2475542031435651,1.0
2025-12-01,Monday,12,0,,Lluvioso,,0.9368632174315001,1.0
2025-12-02,Tuesday,12,0,,Lluvioso,,0.9033823222957744,1.0
2025-12-03,Wednesday,12,0,,Nublado,,1.0,1.0
2025-12-04,Thursday,12,0,,Nublado,,1.0,1.0
2025-12-05,Friday,12,0,,Lluvioso,,0.937060513278965,1.0
2025-12-06,Saturday,12,0,,Lluvioso,,1.1309096730790271,1.0
2025-12-07,Sunday,12,0,,Lluvioso,,1.0755027560927537,1.0
2025-12-08,Monday,12,1,Inmaculada Concepción,Soleado,,1.3582533157352221,1.0
2025-12-09,Tuesday,12,0,,Soleado,,1.0,1.0
2025-12-10,Wednesday,12,0,,Soleado,,1.0,1.0
2025-12-11,Thursday,12,0,,Lluvioso,,0.9666692803473095,1.0
2025-12-12,Friday,12,0,,Lluvioso,,0.9107684949434818,1.0
2025-12-13,Saturday,12,0,,Nublado,,1.2022408461074132,1.0
2025-12-14,Sunday,12,0,,Soleado,,1.2411636537163022,1.0
2025-12-15,Monday,12,0,,Soleado,,1.0,1.0
2025-12-16,Tuesday,12,0,,Soleado,,1.0,1.0
2025-12-17,Wednesday,12,0,,Soleado,,1.0,1.0
2025-12-18,Thursday,12,0,,Lluvioso,,0.8892258755191611,1.0
2025-12-19,Friday,12,0,,Nublado,,1.0,1.0
2025-12-20,Saturday,12,0,,Nublado,,1.2418397033407387,1.0
2025-12-21,Sunday,12,0,,Nublado,,1.2094251438991057,1.0
2025-12-22,Monday,12,0,,Lluvioso,,0.8861053353194654,1.0
2025-12-23,Tuesday,12,0,,Soleado,,1.0,1.0
2025-12-24,Wednesday,12,0,,Lluvioso,,0.9070867210252135,1.0
2025-12-25,Thursday,12,1,Navidad,Soleado,,1.3916344177290563,1.0
2025-12-26,Friday,12,0,,Lluvioso,,0.8860615541321895,1.0
2025-12-27,Saturday,12,0,,Nublado,,1.1956821598229155,1.0
2025-12-28,Sunday,12,0,,Nublado,,1.1649647974038844,1.0
2025-12-29,Monday,12,0,,Nublado,,1.0,1.0
2025-12-30,Tuesday,12,0,,Nublado,,1.0,1.0
2025-12-31,Wednesday,12,0,,Soleado,,1.0,1.0
